BOROUGH,NEIGHBORHOOD,BUILDING CLASS CATEGORY,TAX CLASS AT PRESENT,RESIDENTIAL UNITS,COMMERCIAL UNITS,GROSS SQUARE FEET,YEAR BUILT,SALE YEAR,SALE PRICE
4,BUSHWICK,13 CONDOS - ELEVATOR APARTMENTS,Class 1,5,4,943,1901,2021,1088492.632
5,RIVERDALE,21 OFFICE BUILDINGS,Class 1,1,4,24403,1927,2011,1065002.143
3,HARLEM,13 CONDOS - ELEVATOR APARTMENTS,Class 1,5,3,34022,1925,2022,1299598.727
5,UPPER EAST SIDE,21 OFFICE BUILDINGS,Class 1,9,1,28680,1922,2024,1042571.493
5,ST. GEORGE,13 CONDOS - ELEVATOR APARTMENTS,Class 1,7,4,49291,1978,2010,1075771.967
2,ASTORIA,01 ONE FAMILY DWELLINGS,Class 2,1,0,21619,1935,2013,559068.2681
3,ASTORIA,21 OFFICE BUILDINGS,Class 1,8,4,10863,1990,2016,1340258.157
3,UPPER EAST SIDE,02 TWO FAMILY DWELLINGS,Class 2,7,0,44165,1905,2021,1347790.24
3,ST. GEORGE,01 ONE FAMILY DWELLINGS,Class 4,9,3,38664,1934,2018,1150413.597
5,UPPER EAST SIDE,21 OFFICE BUILDINGS,Class 2,0,4,32041,2002,2018,1082240.639
4,HARLEM,21 OFFICE BUILDINGS,Class 1,6,3,3965,1937,2021,836928.0758
3,RIVERDALE,02 TWO FAMILY DWELLINGS,Class 4,9,3,3211,1934,2019,1231919.759
5,ASTORIA,21 OFFICE BUILDINGS,Class 1,5,1,25698,1999,2024,907939.3098
2,HARLEM,13 CONDOS - ELEVATOR APARTMENTS,Class 1,5,4,22988,1973,2010,1090455.938
4,RIVERDALE,02 TWO FAMILY DWELLINGS,Class 2,5,0,39015,1993,2014,1242997.154
2,HARLEM,01 ONE FAMILY DWELLINGS,Class 2,5,0,24108,1952,2016,916601.6989
4,ST. GEORGE,01 ONE FAMILY DWELLINGS,Class 2,9,4,28398,2004,2022,1263899.338
5,ASTORIA,13 CONDOS - ELEVATOR APARTMENTS,Class 1,6,1,2419,1937,2016,934449.2009
1,UPPER EAST SIDE,01 ONE FAMILY DWELLINGS,Class 2,2,1,31671,1992,2019,1412116.114
4,UPPER EAST SIDE,21 OFFICE BUILDINGS,Class 1,5,1,46741,2015,2015,1026198.655
2,RIVERDALE,21 OFFICE BUILDINGS,Class 4,2,0,21099,1958,2020,834308.6082
5,BUSHWICK,13 CONDOS - ELEVATOR APARTMENTS,Class 1,6,3,17465,1942,2019,1041842.365
4,ST. GEORGE,01 ONE FAMILY DWELLINGS,Class 4,6,1,47503,2002,2013,1403527.331
1,RIVERDALE,01 ONE FAMILY DWELLINGS,Class 2,7,0,48978,2013,2012,1676865.514
1,BUSHWICK,13 CONDOS - ELEVATOR APARTMENTS,Class 3,1,0,14934,1903,2021,1315213.952
3,HARLEM,02 TWO FAMILY DWELLINGS,Class 2,8,3,46746,1904,2022,1912542.062
3,ST. GEORGE,01 ONE FAMILY DWELLINGS,Class 2,4,4,37149,1967,2018,1249999.565
2,HARLEM,02 TWO FAMILY DWELLINGS,Class 1,8,4,2499,1999,2024,1031941.254
4,ASTORIA,01 ONE FAMILY DWELLINGS,Class 1,9,1,15349,1944,2021,1499536.252
4,ST. GEORGE,01 ONE FAMILY DWELLINGS,Class 1,4,1,11403,1979,2022,924186.9703
3,BUSHWICK,01 ONE FAMILY DWELLINGS,Class 4,6,3,47968,1924,2019,1681828.895
4,ASTORIA,01 ONE FAMILY DWELLINGS,Class 3,8,1,5945,1977,2013,1086555.169
4,UPPER EAST SIDE,21 OFFICE BUILDINGS,Class 2,3,3,35896,1910,2017,1324937.465
1,BUSHWICK,02 TWO FAMILY DWELLINGS,Class 1,1,0,18540,1928,2022,1404798.327
3,RIVERDALE,02 TWO FAMILY DWELLINGS,Class 1,8,1,746,1933,2010,979672.9831
5,UPPER EAST SIDE,01 ONE FAMILY DWELLINGS,Class 2,1,0,31653,1985,2016,849007.6167
3,UPPER EAST SIDE,01 ONE FAMILY DWELLINGS,Class 2,2,2,5712,1913,2021,830859.8696
5,RIVERDALE,02 TWO FAMILY DWELLINGS,Class 2,9,3,3839,2019,2015,702422.1615
1,ST. GEORGE,21 OFFICE BUILDINGS,Class 4,1,2,23642,1923,2022,1501707.236
2,UPPER EAST SIDE,13 CONDOS - ELEVATOR APARTMENTS,Class 1,2,1,19894,1958,2021,770730.0202
4,BUSHWICK,13 CONDOS - ELEVATOR APARTMENTS,Class 2,5,0,35636,1938,2010,911576.0005
1,ASTORIA,02 TWO FAMILY DWELLINGS,Class 2,2,1,12686,1925,2024,1297797.36
4,UPPER EAST SIDE,01 ONE FAMILY DWELLINGS,Class 1,9,2,35107,1942,2013,1177796.011
2,BUSHWICK,01 ONE FAMILY DWELLINGS,Class 1,7,1,39473,1935,2021,763695.9207
2,HARLEM,21 OFFICE BUILDINGS,Class 1,5,4,4895,1938,2024,717913.9419
1,BUSHWICK,13 CONDOS - ELEVATOR APARTMENTS,Class 4,6,2,15790,1960,2023,1570777.638
2,ASTORIA,21 OFFICE BUILDINGS,Class 2,0,1,22651,1915,2014,745389.0609
5,BUSHWICK,13 CONDOS - ELEVATOR APARTMENTS,Class 2,2,0,4191,2021,2020,689186.1045
2,RIVERDALE,02 TWO FAMILY DWELLINGS,Class 4,2,1,7970,2001,2017,686825.3167
4,ASTORIA,13 CONDOS - ELEVATOR APARTMENTS,Class 2,1,0,4341,1958,2024,642498.0344
4,ST. GEORGE,21 OFFICE BUILDINGS,Class 1,6,4,37616,1995,2013,1147350.901
4,HARLEM,21 OFFICE BUILDINGS,Class 2,8,1,18276,1905,2012,994474.3365
4,RIVERDALE,21 OFFICE BUILDINGS,Class 2,3,4,6560,1997,2011,1013106.649
5,ST. GEORGE,02 TWO FAMILY DWELLINGS,Class 2,4,2,28084,1955,2013,1052521.185
3,BUSHWICK,13 CONDOS - ELEVATOR APARTMENTS,Class 2,2,0,48793,1907,2020,1178659.457
1,ASTORIA,13 CONDOS - ELEVATOR APARTMENTS,Class 2,8,2,4800,1993,2019,1640547.891
4,HARLEM,21 OFFICE BUILDINGS,Class 1,3,0,3838,1926,2023,701027.9326
2,RIVERDALE,13 CONDOS - ELEVATOR APARTMENTS,Class 3,4,4,5987,1970,2022,748293.3233
4,ST. GEORGE,01 ONE FAMILY DWELLINGS,Class 1,0,3,36782,1926,2013,1005156.287
2,ST. GEORGE,01 ONE FAMILY DWELLINGS,Class 1,1,1,30029,1988,2022,795115.1188
2,HARLEM,01 ONE FAMILY DWELLINGS,Class 1,8,4,30762,2019,2019,1057802.384
4,BUSHWICK,13 CONDOS - ELEVATOR APARTMENTS,Class 1,1,0,11780,1945,2014,974155.7022
5,HARLEM,02 TWO FAMILY DWELLINGS,Class 1,4,0,43575,1940,2022,935276.3607
2,ST. GEORGE,02 TWO FAMILY DWELLINGS,Class 3,7,0,29304,1978,2016,1044158.075
2,UPPER EAST SIDE,02 TWO FAMILY DWELLINGS,Class 4,2,0,10415,1924,2018,579872.2341
4,RIVERDALE,02 TWO FAMILY DWELLINGS,Class 1,5,1,11658,1985,2011,838424.2751
2,HARLEM,01 ONE FAMILY DWELLINGS,Class 1,3,2,9121,1917,2014,654066.6169
2,ST. GEORGE,01 ONE FAMILY DWELLINGS,Class 1,6,3,11047,1911,2020,724239.7549
4,BUSHWICK,21 OFFICE BUILDINGS,Class 1,9,1,23677,1986,2019,1207559.29
4,ST. GEORGE,13 CONDOS - ELEVATOR APARTMENTS,Class 1,2,0,46753,1950,2018,1121080.965
1,BUSHWICK,13 CONDOS - ELEVATOR APARTMENTS,Class 4,5,1,2959,2008,2021,1470980.805
5,HARLEM,02 TWO FAMILY DWELLINGS,Class 1,9,4,29268,1938,2023,941204.0716
5,BUSHWICK,01 ONE FAMILY DWELLINGS,Class 2,8,0,38541,1988,2022,1270378.017
2,ASTORIA,02 TWO FAMILY DWELLINGS,Class 1,9,3,42725,1909,2012,1026170.249
5,ASTORIA,21 OFFICE BUILDINGS,Class 4,0,0,38691,1993,2010,960027.9646
2,ASTORIA,13 CONDOS - ELEVATOR APARTMENTS,Class 2,2,3,17934,1973,2011,855868.2949
1,UPPER EAST SIDE,13 CONDOS - ELEVATOR APARTMENTS,Class 4,1,3,38747,1997,2023,1765681.924
4,HARLEM,02 TWO FAMILY DWELLINGS,Class 2,7,2,15919,2009,2015,1282609.281
4,ST. GEORGE,21 OFFICE BUILDINGS,Class 1,6,2,35517,1976,2014,1162321.92
4,ST. GEORGE,13 CONDOS - ELEVATOR APARTMENTS,Class 1,1,1,36077,1953,2010,912642.7587
5,UPPER EAST SIDE,21 OFFICE BUILDINGS,Class 2,5,1,3421,1928,2010,744419.0469
1,BUSHWICK,21 OFFICE BUILDINGS,Class 1,2,3,5176,2001,2020,1406523.443
5,UPPER EAST SIDE,02 TWO FAMILY DWELLINGS,Class 2,7,0,20925,1940,2013,891804.7693
5,BUSHWICK,01 ONE FAMILY DWELLINGS,Class 1,9,4,35685,2008,2021,1069555.901
1,BUSHWICK,02 TWO FAMILY DWELLINGS,Class 1,2,4,13963,1908,2024,1540054.777
1,RIVERDALE,01 ONE FAMILY DWELLINGS,Class 2,9,0,25974,1962,2013,1703424.055
1,ST. GEORGE,21 OFFICE BUILDINGS,Class 2,8,0,41435,1976,2024,1756019.579
1,ASTORIA,01 ONE FAMILY DWELLINGS,Class 2,0,2,1969,1936,2015,1252139.4
4,BUSHWICK,21 OFFICE BUILDINGS,Class 1,4,4,7792,1913,2015,869525.9378
3,RIVERDALE,13 CONDOS - ELEVATOR APARTMENTS,Class 2,2,3,25909,2000,2019,1191142.297
3,ST. GEORGE,13 CONDOS - ELEVATOR APARTMENTS,Class 1,5,1,24026,1972,2023,1277691.433
1,ASTORIA,13 CONDOS - ELEVATOR APARTMENTS,Class 1,9,2,23965,1971,2015,1876889.235
3,BUSHWICK,02 TWO FAMILY DWELLINGS,Class 2,1,4,31455,1938,2010,1240775.905
3,BUSHWICK,02 TWO FAMILY DWELLINGS,Class 1,8,0,27285,1939,2019,1058714.066
1,UPPER EAST SIDE,21 OFFICE BUILDINGS,Class 1,5,4,21533,1953,2018,1788716.953
3,UPPER EAST SIDE,13 CONDOS - ELEVATOR APARTMENTS,Class 1,6,3,7431,1902,2020,1013511.21
5,ST. GEORGE,02 TWO FAMILY DWELLINGS,Class 1,4,2,1591,1954,2016,918447.3286
2,ASTORIA,13 CONDOS - ELEVATOR APARTMENTS,Class 1,8,0,26272,2019,2016,1008540.769
2,BUSHWICK,02 TWO FAMILY DWELLINGS,Class 1,0,3,16863,2010,2020,667215.8959
1,ST. GEORGE,01 ONE FAMILY DWELLINGS,Class 1,4,1,28990,2003,2016,1554309.803
4,ST. GEORGE,01 ONE FAMILY DWELLINGS,Class 1,9,2,760,1932,2011,1080657.645
1,HARLEM,13 CONDOS - ELEVATOR APARTMENTS,Class 2,5,3,10956,1995,2011,1498217.019
4,UPPER EAST SIDE,21 OFFICE BUILDINGS,Class 1,6,3,22820,1970,2015,1045009.423
2,ASTORIA,02 TWO FAMILY DWELLINGS,Class 1,3,0,13935,1918,2016,834666.8231
1,BUSHWICK,02 TWO FAMILY DWELLINGS,Class 1,0,1,42645,1933,2012,1655239.712
5,ST. GEORGE,01 ONE FAMILY DWELLINGS,Class 2,7,3,49081,1977,2022,1424105.1
3,BUSHWICK,01 ONE FAMILY DWELLINGS,Class 4,9,2,27525,1949,2013,1337334.291
4,HARLEM,21 OFFICE BUILDINGS,Class 2,3,3,28609,1946,2023,1030193.547
3,ASTORIA,21 OFFICE BUILDINGS,Class 2,2,4,21254,1945,2021,962100.4469
3,ST. GEORGE,21 OFFICE BUILDINGS,Class 2,6,2,4801,1955,2012,1277157.633
1,BUSHWICK,13 CONDOS - ELEVATOR APARTMENTS,Class 2,1,2,7707,1956,2016,1540800.33
3,UPPER EAST SIDE,01 ONE FAMILY DWELLINGS,Class 2,7,3,28420,1982,2016,1060986.32
5,HARLEM,13 CONDOS - ELEVATOR APARTMENTS,Class 1,5,0,22703,1950,2013,853134.0933
3,ASTORIA,01 ONE FAMILY DWELLINGS,Class 1,6,2,49744,1953,2022,1578399.508
1,HARLEM,01 ONE FAMILY DWELLINGS,Class 1,4,4,22045,1989,2016,1435735.032
5,UPPER EAST SIDE,02 TWO FAMILY DWELLINGS,Class 4,8,0,24516,1980,2014,1256358.559
2,ASTORIA,01 ONE FAMILY DWELLINGS,Class 2,4,0,31598,2017,2010,803338.428
3,HARLEM,01 ONE FAMILY DWELLINGS,Class 2,4,0,9056,1927,2019,959886.7199
1,RIVERDALE,13 CONDOS - ELEVATOR APARTMENTS,Class 1,2,2,47063,1918,2013,1819767.62
2,UPPER EAST SIDE,01 ONE FAMILY DWELLINGS,Class 2,0,0,20602,1926,2016,580260.4943
2,UPPER EAST SIDE,13 CONDOS - ELEVATOR APARTMENTS,Class 1,1,3,39393,1947,2022,671622.7111
4,UPPER EAST SIDE,21 OFFICE BUILDINGS,Class 1,7,0,2424,2015,2024,730799.0327
5,RIVERDALE,01 ONE FAMILY DWELLINGS,Class 3,0,4,19979,2020,2011,930104.0498
3,RIVERDALE,01 ONE FAMILY DWELLINGS,Class 2,6,1,39951,1918,2011,1422846.979
1,BUSHWICK,13 CONDOS - ELEVATOR APARTMENTS,Class 1,4,4,19422,1996,2010,1611513.012
4,ST. GEORGE,21 OFFICE BUILDINGS,Class 3,2,2,19160,1950,2011,766767.6884
5,HARLEM,02 TWO FAMILY DWELLINGS,Class 1,6,0,46599,1906,2019,1203775.602
4,BUSHWICK,21 OFFICE BUILDINGS,Class 4,8,0,10445,1928,2023,1181641.051
5,HARLEM,13 CONDOS - ELEVATOR APARTMENTS,Class 1,1,3,806,2018,2017,788588.8302
5,ST. GEORGE,21 OFFICE BUILDINGS,Class 1,7,0,23459,1942,2020,860575.3906
3,RIVERDALE,13 CONDOS - ELEVATOR APARTMENTS,Class 1,8,4,4731,1968,2017,1343253.536
5,ST. GEORGE,13 CONDOS - ELEVATOR APARTMENTS,Class 1,2,2,39296,1993,2017,1001501.91
4,RIVERDALE,02 TWO FAMILY DWELLINGS,Class 1,1,1,12707,2012,2024,837038.3732
5,ST. GEORGE,01 ONE FAMILY DWELLINGS,Class 2,6,0,39926,2006,2010,960959.2316
3,BUSHWICK,13 CONDOS - ELEVATOR APARTMENTS,Class 4,4,1,6836,2019,2010,1077027.127
3,ASTORIA,13 CONDOS - ELEVATOR APARTMENTS,Class 2,4,0,47164,1957,2021,1199411.749
4,BUSHWICK,02 TWO FAMILY DWELLINGS,Class 1,9,2,10130,1907,2019,1025721.55
2,HARLEM,13 CONDOS - ELEVATOR APARTMENTS,Class 2,4,4,17756,1941,2013,821118.1066
2,BUSHWICK,01 ONE FAMILY DWELLINGS,Class 1,3,2,34409,1975,2015,786831.9858
5,UPPER EAST SIDE,02 TWO FAMILY DWELLINGS,Class 1,4,1,41668,1941,2017,956232.4094
1,HARLEM,01 ONE FAMILY DWELLINGS,Class 2,3,0,34219,1912,2022,1714670.649
5,ST. GEORGE,01 ONE FAMILY DWELLINGS,Class 2,5,1,42517,1925,2011,1172367.35
4,HARLEM,02 TWO FAMILY DWELLINGS,Class 1,3,4,46204,1917,2022,1204925.653
4,ASTORIA,13 CONDOS - ELEVATOR APARTMENTS,Class 1,1,2,30513,1941,2012,1173718.593
4,RIVERDALE,01 ONE FAMILY DWELLINGS,Class 4,8,1,14955,1950,2015,1244175.776
4,ST. GEORGE,01 ONE FAMILY DWELLINGS,Class 1,1,1,5222,2015,2019,855271.9932
4,HARLEM,01 ONE FAMILY DWELLINGS,Class 2,8,4,13312,2012,2013,970659.4878
3,ST. GEORGE,01 ONE FAMILY DWELLINGS,Class 2,9,0,30776,1983,2021,1350567.501
2,ST. GEORGE,02 TWO FAMILY DWELLINGS,Class 1,5,1,37276,1915,2011,986329.6298
4,ST. GEORGE,02 TWO FAMILY DWELLINGS,Class 1,8,4,10560,2000,2016,898710.3161
1,RIVERDALE,21 OFFICE BUILDINGS,Class 1,8,0,13556,1902,2013,1582623.956
1,BUSHWICK,21 OFFICE BUILDINGS,Class 2,2,0,7155,1990,2017,1377158.482
1,ST. GEORGE,01 ONE FAMILY DWELLINGS,Class 2,0,2,23074,1978,2017,1441785.044
1,UPPER EAST SIDE,13 CONDOS - ELEVATOR APARTMENTS,Class 2,0,4,13527,2021,2016,1438472.607
3,ASTORIA,01 ONE FAMILY DWELLINGS,Class 4,2,0,4530,1997,2019,810028.6121
1,RIVERDALE,13 CONDOS - ELEVATOR APARTMENTS,Class 2,4,2,24743,1944,2018,1535658.399
4,HARLEM,01 ONE FAMILY DWELLINGS,Class 2,2,3,33789,1921,2013,1082762.339
5,RIVERDALE,21 OFFICE BUILDINGS,Class 2,8,4,20239,2003,2016,1082733.966
1,HARLEM,21 OFFICE BUILDINGS,Class 2,8,3,34668,1922,2019,1538924.437
3,RIVERDALE,13 CONDOS - ELEVATOR APARTMENTS,Class 2,2,0,45198,1958,2019,1321989.55
3,HARLEM,01 ONE FAMILY DWELLINGS,Class 2,2,4,36991,1961,2024,1090265.785
1,ST. GEORGE,13 CONDOS - ELEVATOR APARTMENTS,Class 2,4,2,30513,2012,2021,1610234.3
5,BUSHWICK,21 OFFICE BUILDINGS,Class 1,1,0,7079,1967,2010,619276.0874
1,HARLEM,01 ONE FAMILY DWELLINGS,Class 2,5,4,18742,2014,2013,1762486.372
3,HARLEM,01 ONE FAMILY DWELLINGS,Class 1,6,4,5281,1953,2011,1290728.983
2,UPPER EAST SIDE,13 CONDOS - ELEVATOR APARTMENTS,Class 1,8,3,20948,1956,2018,1121234.433
4,HARLEM,02 TWO FAMILY DWELLINGS,Class 1,5,0,46141,2004,2014,1242489.708
3,UPPER EAST SIDE,13 CONDOS - ELEVATOR APARTMENTS,Class 2,2,2,49794,1922,2012,1188804.306
1,ASTORIA,21 OFFICE BUILDINGS,Class 2,4,2,21946,2010,2013,1504502.73
4,ST. GEORGE,21 OFFICE BUILDINGS,Class 1,3,0,11543,1959,2015,773538.2731
1,UPPER EAST SIDE,21 OFFICE BUILDINGS,Class 2,4,0,20353,1972,2019,1351930.865
1,BUSHWICK,21 OFFICE BUILDINGS,Class 2,7,1,49643,1987,2010,1815545.327
2,ST. GEORGE,21 OFFICE BUILDINGS,Class 1,7,3,20579,1984,2016,927537.8478
4,UPPER EAST SIDE,02 TWO FAMILY DWELLINGS,Class 2,5,0,17601,2004,2017,979026.877
4,ST. GEORGE,01 ONE FAMILY DWELLINGS,Class 2,0,0,1142,2009,2016,682661.0065
2,ST. GEORGE,13 CONDOS - ELEVATOR APARTMENTS,Class 2,7,1,28516,1954,2016,852309.8915
3,ST. GEORGE,13 CONDOS - ELEVATOR APARTMENTS,Class 2,7,1,19432,2016,2018,1230408.145
1,ASTORIA,21 OFFICE BUILDINGS,Class 2,1,4,45153,1979,2022,1655221.728
5,BUSHWICK,13 CONDOS - ELEVATOR APARTMENTS,Class 1,3,2,25445,1962,2013,917109.5204
1,RIVERDALE,21 OFFICE BUILDINGS,Class 1,1,3,8049,1955,2023,1304951.936
1,RIVERDALE,02 TWO FAMILY DWELLINGS,Class 1,3,4,13897,1954,2016,1424396.909
3,UPPER EAST SIDE,02 TWO FAMILY DWELLINGS,Class 4,9,0,25862,1924,2018,1187462.337
1,ST. GEORGE,01 ONE FAMILY DWELLINGS,Class 1,6,1,48342,1925,2024,1833742.7
2,UPPER EAST SIDE,02 TWO FAMILY DWELLINGS,Class 1,8,2,47039,1948,2014,959529.936
2,ASTORIA,02 TWO FAMILY DWELLINGS,Class 4,7,4,34217,1962,2011,1117153.144
4,ASTORIA,01 ONE FAMILY DWELLINGS,Class 4,8,2,23516,1944,2024,1037702.959
5,HARLEM,13 CONDOS - ELEVATOR APARTMENTS,Class 2,7,1,15232,1972,2014,1005095.714
1,ASTORIA,21 OFFICE BUILDINGS,Class 1,1,4,27411,1978,2013,1773892.471
1,HARLEM,21 OFFICE BUILDINGS,Class 1,6,4,18366,1938,2017,1527449.45
3,BUSHWICK,13 CONDOS - ELEVATOR APARTMENTS,Class 1,1,2,43107,1996,2024,1244061.431
2,UPPER EAST SIDE,01 ONE FAMILY DWELLINGS,Class 1,1,1,28121,1964,2014,706617.8238
5,BUSHWICK,13 CONDOS - ELEVATOR APARTMENTS,Class 1,3,0,13323,1968,2018,903282.0077
4,ASTORIA,02 TWO FAMILY DWELLINGS,Class 2,0,4,30486,1955,2018,941501.2574
2,BUSHWICK,01 ONE FAMILY DWELLINGS,Class 4,4,0,15190,1908,2012,862382.4142
4,BUSHWICK,01 ONE FAMILY DWELLINGS,Class 1,5,1,39607,2007,2022,1261833.669
3,BUSHWICK,01 ONE FAMILY DWELLINGS,Class 2,8,4,11456,1969,2019,1070232.364
3,ASTORIA,21 OFFICE BUILDINGS,Class 2,9,4,21803,1927,2024,1712114.942
1,ST. GEORGE,13 CONDOS - ELEVATOR APARTMENTS,Class 1,7,0,37033,1944,2015,1522995.522
5,BUSHWICK,01 ONE FAMILY DWELLINGS,Class 2,1,3,30174,1925,2015,1157333.924
4,HARLEM,01 ONE FAMILY DWELLINGS,Class 1,0,0,36095,1927,2013,786963.5786
2,ASTORIA,01 ONE FAMILY DWELLINGS,Class 1,1,0,2558,1939,2020,487671.1756
3,BUSHWICK,13 CONDOS - ELEVATOR APARTMENTS,Class 2,6,3,12019,1914,2022,1374411.897
1,ST. GEORGE,21 OFFICE BUILDINGS,Class 1,3,1,31615,1905,2019,1605231.634
1,ASTORIA,02 TWO FAMILY DWELLINGS,Class 4,9,1,1230,1926,2012,1538123.776
4,RIVERDALE,21 OFFICE BUILDINGS,Class 1,4,4,2332,1937,2010,929017.8176
3,ST. GEORGE,01 ONE FAMILY DWELLINGS,Class 2,6,2,41868,1967,2021,1605852.053
5,HARLEM,21 OFFICE BUILDINGS,Class 2,2,2,23389,1974,2016,910881.5703
3,BUSHWICK,21 OFFICE BUILDINGS,Class 1,9,4,48886,1984,2024,1467003.953
4,RIVERDALE,02 TWO FAMILY DWELLINGS,Class 1,1,2,40438,1963,2024,1117552.812
4,RIVERDALE,13 CONDOS - ELEVATOR APARTMENTS,Class 2,6,0,4679,1929,2014,796446.0255
3,ASTORIA,13 CONDOS - ELEVATOR APARTMENTS,Class 3,4,0,6799,1981,2023,788446.148
4,RIVERDALE,21 OFFICE BUILDINGS,Class 3,0,3,8330,1998,2019,735650.5101
3,HARLEM,21 OFFICE BUILDINGS,Class 2,0,3,44707,1902,2024,1249785.622
2,HARLEM,13 CONDOS - ELEVATOR APARTMENTS,Class 2,8,4,38070,1961,2016,909499.8765
3,UPPER EAST SIDE,13 CONDOS - ELEVATOR APARTMENTS,Class 2,4,4,22941,1911,2010,969386.7049
3,HARLEM,02 TWO FAMILY DWELLINGS,Class 2,0,4,7115,1990,2017,1043907.725
4,ST. GEORGE,01 ONE FAMILY DWELLINGS,Class 2,6,0,7262,2016,2012,955280.298
4,RIVERDALE,21 OFFICE BUILDINGS,Class 2,8,2,38811,1929,2016,1217521.737
1,HARLEM,13 CONDOS - ELEVATOR APARTMENTS,Class 3,0,4,25209,1984,2021,1415989.938
1,ASTORIA,21 OFFICE BUILDINGS,Class 1,9,4,38151,1937,2012,1802107.828
2,UPPER EAST SIDE,21 OFFICE BUILDINGS,Class 3,3,0,23934,1984,2023,769683.2705
1,RIVERDALE,13 CONDOS - ELEVATOR APARTMENTS,Class 2,2,0,21843,1959,2012,1303806.885
3,UPPER EAST SIDE,02 TWO FAMILY DWELLINGS,Class 1,4,0,16239,1937,2019,1052139.041
4,RIVERDALE,21 OFFICE BUILDINGS,Class 1,6,2,1166,2003,2018,806497.926
1,ASTORIA,02 TWO FAMILY DWELLINGS,Class 1,7,4,33544,1914,2022,2012305.47
1,UPPER EAST SIDE,13 CONDOS - ELEVATOR APARTMENTS,Class 2,1,1,28383,1917,2011,1318930.278
2,BUSHWICK,01 ONE FAMILY DWELLINGS,Class 3,6,1,14563,1951,2023,685344.248
2,ST. GEORGE,01 ONE FAMILY DWELLINGS,Class 1,0,4,34149,1928,2013,670179.2252
3,ST. GEORGE,21 OFFICE BUILDINGS,Class 3,6,4,35328,2011,2015,1224799.965
4,RIVERDALE,13 CONDOS - ELEVATOR APARTMENTS,Class 4,7,4,47945,2001,2023,1660974.184
2,BUSHWICK,02 TWO FAMILY DWELLINGS,Class 1,1,4,39970,1959,2012,817129.3616
1,UPPER EAST SIDE,21 OFFICE BUILDINGS,Class 4,8,2,9929,1920,2021,1417309.953
4,BUSHWICK,13 CONDOS - ELEVATOR APARTMENTS,Class 4,0,1,49121,1916,2019,1031263.265
4,BUSHWICK,13 CONDOS - ELEVATOR APARTMENTS,Class 2,5,3,33426,2004,2023,1282134.518
1,UPPER EAST SIDE,02 TWO FAMILY DWELLINGS,Class 2,0,1,49264,2014,2019,1821892.66
2,ASTORIA,21 OFFICE BUILDINGS,Class 4,2,1,38497,1917,2016,832264.8873
1,BUSHWICK,13 CONDOS - ELEVATOR APARTMENTS,Class 2,5,0,41224,1956,2016,1575224.359
4,BUSHWICK,13 CONDOS - ELEVATOR APARTMENTS,Class 1,2,4,32769,2018,2024,1140154.585
5,ASTORIA,13 CONDOS - ELEVATOR APARTMENTS,Class 3,7,4,32204,1936,2014,1516750.472
5,BUSHWICK,02 TWO FAMILY DWELLINGS,Class 2,4,4,28891,1959,2012,1189161.061
3,BUSHWICK,21 OFFICE BUILDINGS,Class 2,1,0,24687,1937,2011,1079280.865
1,BUSHWICK,21 OFFICE BUILDINGS,Class 1,3,2,45834,1911,2024,1681753.904
1,ST. GEORGE,21 OFFICE BUILDINGS,Class 2,8,2,3026,1974,2024,1869267.578
3,HARLEM,21 OFFICE BUILDINGS,Class 1,3,3,25186,2011,2013,1168590.896
3,ASTORIA,01 ONE FAMILY DWELLINGS,Class 4,9,2,8303,2015,2023,891842.0758
3,BUSHWICK,01 ONE FAMILY DWELLINGS,Class 1,9,2,33168,2012,2024,1453385.63
4,ST. GEORGE,21 OFFICE BUILDINGS,Class 1,7,4,7074,1983,2022,846749.6633
1,ASTORIA,02 TWO FAMILY DWELLINGS,Class 2,4,1,9233,1972,2013,1373684.998
4,RIVERDALE,01 ONE FAMILY DWELLINGS,Class 1,9,2,7757,1900,2020,1163909.84
3,RIVERDALE,13 CONDOS - ELEVATOR APARTMENTS,Class 2,0,2,36551,1957,2017,1155470.195
1,BUSHWICK,01 ONE FAMILY DWELLINGS,Class 4,6,0,16409,1902,2017,1315984.922
4,ST. GEORGE,13 CONDOS - ELEVATOR APARTMENTS,Class 3,2,3,24646,1962,2022,1002315.057
4,ST. GEORGE,21 OFFICE BUILDINGS,Class 1,9,0,12302,1920,2014,1100517.314
3,ASTORIA,01 ONE FAMILY DWELLINGS,Class 1,7,4,8396,1922,2022,1308642.651
1,ASTORIA,02 TWO FAMILY DWELLINGS,Class 3,2,1,28633,1908,2015,1431794.722
3,ST. GEORGE,01 ONE FAMILY DWELLINGS,Class 4,0,3,14026,2017,2017,1051066.82
1,ASTORIA,01 ONE FAMILY DWELLINGS,Class 2,4,0,11778,1982,2024,1189848.43
5,ST. GEORGE,01 ONE FAMILY DWELLINGS,Class 2,1,2,46510,2008,2010,1119352.413
2,HARLEM,21 OFFICE BUILDINGS,Class 1,3,2,26051,1954,2014,790472.8858
2,ST. GEORGE,02 TWO FAMILY DWELLINGS,Class 4,0,3,25798,2009,2013,818797.4085
2,RIVERDALE,01 ONE FAMILY DWELLINGS,Class 2,8,2,35838,2015,2013,1242545.281
3,ASTORIA,02 TWO FAMILY DWELLINGS,Class 1,5,0,22691,1918,2020,1159962.447
5,ST. GEORGE,21 OFFICE BUILDINGS,Class 1,7,0,33592,1961,2011,1225185.063
1,ST. GEORGE,13 CONDOS - ELEVATOR APARTMENTS,Class 4,3,2,24371,1986,2019,1759671.046
4,ASTORIA,01 ONE FAMILY DWELLINGS,Class 1,8,2,10221,1990,2010,1218617.72
1,HARLEM,02 TWO FAMILY DWELLINGS,Class 1,1,4,38913,1990,2023,1663780.578
4,HARLEM,02 TWO FAMILY DWELLINGS,Class 2,8,1,30779,1938,2024,1088569.354
1,ASTORIA,21 OFFICE BUILDINGS,Class 1,4,3,14904,1999,2015,1678037.229
5,UPPER EAST SIDE,01 ONE FAMILY DWELLINGS,Class 1,5,0,4986,1975,2016,867265.2625
4,ASTORIA,13 CONDOS - ELEVATOR APARTMENTS,Class 3,2,3,35698,2018,2014,1241458.233
3,ASTORIA,02 TWO FAMILY DWELLINGS,Class 4,3,4,29187,1926,2024,1323638.451
1,HARLEM,01 ONE FAMILY DWELLINGS,Class 3,5,0,13656,1945,2017,1512340.652
1,HARLEM,13 CONDOS - ELEVATOR APARTMENTS,Class 4,6,4,1067,1933,2018,1423533.976
4,ASTORIA,02 TWO FAMILY DWELLINGS,Class 2,0,4,2679,1932,2020,785243.5355
3,ASTORIA,02 TWO FAMILY DWELLINGS,Class 3,6,2,2519,1991,2020,1121461.067
3,ASTORIA,13 CONDOS - ELEVATOR APARTMENTS,Class 1,0,3,16419,1994,2011,1142166.722
5,HARLEM,13 CONDOS - ELEVATOR APARTMENTS,Class 2,4,3,20203,1995,2020,879838.5682
3,ASTORIA,21 OFFICE BUILDINGS,Class 4,5,2,19204,1949,2022,1276863.703
3,ASTORIA,01 ONE FAMILY DWELLINGS,Class 1,1,3,18530,1919,2013,985608.8613
3,BUSHWICK,01 ONE FAMILY DWELLINGS,Class 1,9,2,4409,1939,2020,1258308.579
2,UPPER EAST SIDE,21 OFFICE BUILDINGS,Class 2,8,0,8515,1998,2018,620549.0239
5,RIVERDALE,02 TWO FAMILY DWELLINGS,Class 1,9,4,3920,1994,2014,1259304.178
1,UPPER EAST SIDE,13 CONDOS - ELEVATOR APARTMENTS,Class 1,5,4,48153,1957,2012,1708396.695
4,BUSHWICK,13 CONDOS - ELEVATOR APARTMENTS,Class 3,6,3,17240,1930,2015,1013608.334
1,RIVERDALE,13 CONDOS - ELEVATOR APARTMENTS,Class 4,9,1,40753,1937,2024,1853379.721
5,ASTORIA,02 TWO FAMILY DWELLINGS,Class 2,7,4,30828,1985,2012,1002098.256
4,BUSHWICK,13 CONDOS - ELEVATOR APARTMENTS,Class 1,9,2,19965,1944,2023,1192297.282
5,ASTORIA,13 CONDOS - ELEVATOR APARTMENTS,Class 1,0,1,4631,1940,2014,556169.1264
3,HARLEM,21 OFFICE BUILDINGS,Class 4,7,1,11152,1908,2012,1113038.912
4,ST. GEORGE,02 TWO FAMILY DWELLINGS,Class 2,3,4,22007,2015,2015,1025504.931
3,BUSHWICK,01 ONE FAMILY DWELLINGS,Class 1,9,4,47647,1908,2021,1556444.05
1,HARLEM,21 OFFICE BUILDINGS,Class 2,7,4,48171,1962,2019,1823041.486
1,BUSHWICK,21 OFFICE BUILDINGS,Class 1,5,2,49181,1978,2014,1699675.032
4,BUSHWICK,01 ONE FAMILY DWELLINGS,Class 2,8,1,24306,1976,2023,1083107.961
4,HARLEM,21 OFFICE BUILDINGS,Class 4,3,3,19671,1921,2018,909064.8091
5,RIVERDALE,02 TWO FAMILY DWELLINGS,Class 2,1,2,21093,1915,2012,704872.2053
5,UPPER EAST SIDE,13 CONDOS - ELEVATOR APARTMENTS,Class 2,1,0,9970,1931,2015,712114.5536
3,ASTORIA,02 TWO FAMILY DWELLINGS,Class 1,4,4,44808,1965,2017,1049986.306
4,BUSHWICK,01 ONE FAMILY DWELLINGS,Class 2,9,1,21826,1989,2016,950181.4004
1,ASTORIA,01 ONE FAMILY DWELLINGS,Class 2,8,2,5097,1913,2015,1549938.961
5,ST. GEORGE,21 OFFICE BUILDINGS,Class 1,2,0,37804,1937,2023,980901.8686
5,HARLEM,02 TWO FAMILY DWELLINGS,Class 2,7,2,31288,1997,2024,1060691.13
1,ASTORIA,02 TWO FAMILY DWELLINGS,Class 1,3,2,49977,1907,2011,2024307.619
5,HARLEM,01 ONE FAMILY DWELLINGS,Class 3,5,3,43225,1999,2024,1080994.291
3,ASTORIA,02 TWO FAMILY DWELLINGS,Class 2,9,3,37430,1920,2016,1442595.006
4,UPPER EAST SIDE,01 ONE FAMILY DWELLINGS,Class 4,5,2,33571,1955,2017,1310852.387
1,UPPER EAST SIDE,02 TWO FAMILY DWELLINGS,Class 1,2,0,5567,1945,2010,1209626.643
4,UPPER EAST SIDE,02 TWO FAMILY DWELLINGS,Class 2,4,1,5524,1942,2024,932244.9123
5,UPPER EAST SIDE,02 TWO FAMILY DWELLINGS,Class 2,2,1,8215,2019,2018,793146.7192
5,UPPER EAST SIDE,01 ONE FAMILY DWELLINGS,Class 2,0,4,32270,1991,2013,967162.6315
1,UPPER EAST SIDE,21 OFFICE BUILDINGS,Class 1,6,4,11726,1945,2017,1837318.801
3,HARLEM,02 TWO FAMILY DWELLINGS,Class 2,3,1,35899,2007,2024,1184504.234
2,BUSHWICK,01 ONE FAMILY DWELLINGS,Class 2,6,2,13912,1947,2019,966539.7483
1,ASTORIA,01 ONE FAMILY DWELLINGS,Class 1,2,2,48305,1969,2016,1763802.34
2,UPPER EAST SIDE,02 TWO FAMILY DWELLINGS,Class 1,4,3,44915,1983,2023,923766.4902
2,HARLEM,02 TWO FAMILY DWELLINGS,Class 2,4,3,13069,1930,2022,813217.6143
3,HARLEM,21 OFFICE BUILDINGS,Class 2,1,4,2869,1932,2019,978416.1082
2,HARLEM,01 ONE FAMILY DWELLINGS,Class 1,9,1,44927,1943,2016,1428307.409
2,BUSHWICK,01 ONE FAMILY DWELLINGS,Class 1,1,2,32521,1970,2011,815211.3951
3,ASTORIA,13 CONDOS - ELEVATOR APARTMENTS,Class 1,3,1,1028,1907,2010,827163.0397
2,BUSHWICK,01 ONE FAMILY DWELLINGS,Class 2,3,0,43770,1972,2013,917203.7752
2,RIVERDALE,21 OFFICE BUILDINGS,Class 2,3,1,30814,1901,2021,743576.2944
2,HARLEM,13 CONDOS - ELEVATOR APARTMENTS,Class 3,5,0,37943,1916,2011,907115.321
1,RIVERDALE,13 CONDOS - ELEVATOR APARTMENTS,Class 4,1,3,18547,1951,2017,1570905.146
1,ST. GEORGE,13 CONDOS - ELEVATOR APARTMENTS,Class 2,5,3,20248,1944,2019,1688453.863
1,UPPER EAST SIDE,02 TWO FAMILY DWELLINGS,Class 1,6,4,35609,1936,2016,1783297.731
3,UPPER EAST SIDE,02 TWO FAMILY DWELLINGS,Class 1,9,1,14419,1941,2017,1117664.036
5,BUSHWICK,01 ONE FAMILY DWELLINGS,Class 1,2,1,47998,1943,2020,1149393.244
2,ASTORIA,13 CONDOS - ELEVATOR APARTMENTS,Class 4,7,0,15756,1980,2015,970477.732
2,RIVERDALE,21 OFFICE BUILDINGS,Class 2,1,3,5405,2016,2010,682364.9939
3,ASTORIA,02 TWO FAMILY DWELLINGS,Class 1,7,0,48807,1937,2023,1310547.354
2,BUSHWICK,21 OFFICE BUILDINGS,Class 1,4,3,48523,1998,2022,1287902.799
1,UPPER EAST SIDE,21 OFFICE BUILDINGS,Class 2,1,0,9384,2010,2022,1385222.688
5,ASTORIA,02 TWO FAMILY DWELLINGS,Class 2,6,3,29406,2002,2021,906030.0339
4,ASTORIA,02 TWO FAMILY DWELLINGS,Class 1,1,0,42411,1993,2018,1085396.73
2,UPPER EAST SIDE,02 TWO FAMILY DWELLINGS,Class 4,5,3,6450,1905,2015,881170.9635
1,RIVERDALE,02 TWO FAMILY DWELLINGS,Class 2,9,0,1860,1967,2021,1214164.815
4,UPPER EAST SIDE,13 CONDOS - ELEVATOR APARTMENTS,Class 1,2,1,38395,1950,2022,1087175.375
5,ASTORIA,13 CONDOS - ELEVATOR APARTMENTS,Class 4,8,4,22446,2000,2019,1229335.286
4,RIVERDALE,13 CONDOS - ELEVATOR APARTMENTS,Class 1,2,0,47520,1934,2010,1076335.818
1,RIVERDALE,13 CONDOS - ELEVATOR APARTMENTS,Class 4,2,4,9230,1957,2010,1680371.983
4,UPPER EAST SIDE,01 ONE FAMILY DWELLINGS,Class 4,4,1,22661,1956,2017,870109.4543
3,ASTORIA,13 CONDOS - ELEVATOR APARTMENTS,Class 2,6,1,28238,1972,2015,1280677.32
4,BUSHWICK,02 TWO FAMILY DWELLINGS,Class 2,7,3,4425,1905,2017,942905.3973
2,ASTORIA,21 OFFICE BUILDINGS,Class 1,6,4,8963,1912,2017,688029.6817
2,HARLEM,13 CONDOS - ELEVATOR APARTMENTS,Class 4,8,2,17912,1958,2024,551938.8095
3,ST. GEORGE,01 ONE FAMILY DWELLINGS,Class 2,4,3,22902,1985,2020,1340845.38
1,BUSHWICK,02 TWO FAMILY DWELLINGS,Class 2,9,4,34510,1991,2023,1800099.473
2,RIVERDALE,21 OFFICE BUILDINGS,Class 4,2,0,26217,1929,2017,896568.2147
5,BUSHWICK,21 OFFICE BUILDINGS,Class 4,5,0,42052,2015,2019,1228395.342
2,RIVERDALE,13 CONDOS - ELEVATOR APARTMENTS,Class 3,4,1,10297,1999,2024,573700.6099
2,RIVERDALE,21 OFFICE BUILDINGS,Class 1,3,2,21094,1901,2016,832042.2458
1,BUSHWICK,13 CONDOS - ELEVATOR APARTMENTS,Class 4,1,0,6906,1957,2016,1111636.156
4,RIVERDALE,13 CONDOS - ELEVATOR APARTMENTS,Class 2,6,4,14465,1935,2019,1352180.931
2,RIVERDALE,02 TWO FAMILY DWELLINGS,Class 4,4,4,14233,1971,2013,907745.8337
3,HARLEM,02 TWO FAMILY DWELLINGS,Class 2,3,0,27426,1944,2018,1205720.367
4,ASTORIA,01 ONE FAMILY DWELLINGS,Class 1,7,4,29283,2005,2021,1390655.526
5,ASTORIA,02 TWO FAMILY DWELLINGS,Class 1,8,4,18324,2013,2011,958375.6718
1,ST. GEORGE,02 TWO FAMILY DWELLINGS,Class 2,8,1,36894,1908,2020,1673881.554
5,ST. GEORGE,13 CONDOS - ELEVATOR APARTMENTS,Class 2,2,2,43342,1964,2018,793661.7046
4,HARLEM,02 TWO FAMILY DWELLINGS,Class 1,2,1,28787,1976,2019,943988.0367
4,ST. GEORGE,13 CONDOS - ELEVATOR APARTMENTS,Class 2,4,2,17068,1949,2012,1223760.621
4,BUSHWICK,13 CONDOS - ELEVATOR APARTMENTS,Class 1,4,4,30936,1978,2023,1194800.861
5,UPPER EAST SIDE,02 TWO FAMILY DWELLINGS,Class 3,9,2,21880,1931,2022,1223095.026
4,UPPER EAST SIDE,01 ONE FAMILY DWELLINGS,Class 2,1,4,25296,1997,2024,1151833.844
5,UPPER EAST SIDE,01 ONE FAMILY DWELLINGS,Class 1,0,4,8531,1942,2011,691245.1167
4,HARLEM,21 OFFICE BUILDINGS,Class 1,7,1,22447,1994,2022,968510.3094
3,HARLEM,21 OFFICE BUILDINGS,Class 1,2,1,3688,1977,2013,945988.6035
4,RIVERDALE,02 TWO FAMILY DWELLINGS,Class 2,0,3,26169,1953,2014,915545.2584
5,UPPER EAST SIDE,01 ONE FAMILY DWELLINGS,Class 1,0,0,36213,1946,2011,959418.1141
2,BUSHWICK,13 CONDOS - ELEVATOR APARTMENTS,Class 1,1,3,32313,1913,2022,949168.8059
4,ST. GEORGE,21 OFFICE BUILDINGS,Class 4,5,3,7265,1947,2024,1056974.552
2,BUSHWICK,13 CONDOS - ELEVATOR APARTMENTS,Class 4,5,2,23671,1954,2010,736377.1978
3,ST. GEORGE,21 OFFICE BUILDINGS,Class 2,2,4,11307,1928,2019,943326.0052
1,UPPER EAST SIDE,02 TWO FAMILY DWELLINGS,Class 4,3,4,10704,1946,2020,1658172.167
3,UPPER EAST SIDE,01 ONE FAMILY DWELLINGS,Class 1,1,4,27566,1962,2014,1307964.799
4,UPPER EAST SIDE,21 OFFICE BUILDINGS,Class 2,1,0,42620,1918,2018,1034126.921
2,HARLEM,01 ONE FAMILY DWELLINGS,Class 2,6,2,37867,1990,2024,807135.2063
2,ST. GEORGE,13 CONDOS - ELEVATOR APARTMENTS,Class 2,0,2,23158,1908,2021,796464.0012
5,HARLEM,02 TWO FAMILY DWELLINGS,Class 1,6,4,37581,2000,2021,1172962.323
2,HARLEM,01 ONE FAMILY DWELLINGS,Class 2,0,3,35486,1936,2024,944579.8907
5,ASTORIA,02 TWO FAMILY DWELLINGS,Class 2,5,0,14286,2006,2014,724513.242
1,BUSHWICK,01 ONE FAMILY DWELLINGS,Class 2,2,3,29783,1991,2021,1480486.254
4,BUSHWICK,13 CONDOS - ELEVATOR APARTMENTS,Class 1,7,1,556,1951,2020,927092.3467
5,RIVERDALE,13 CONDOS - ELEVATOR APARTMENTS,Class 1,5,2,45801,1956,2019,1240801.866
1,HARLEM,02 TWO FAMILY DWELLINGS,Class 1,1,2,33411,1987,2018,1235683.686
2,ST. GEORGE,13 CONDOS - ELEVATOR APARTMENTS,Class 1,7,3,40486,1927,2023,951832.1948
2,ASTORIA,21 OFFICE BUILDINGS,Class 2,4,0,9059,1935,2022,630956.8693
1,ASTORIA,01 ONE FAMILY DWELLINGS,Class 1,7,2,26558,2015,2021,1592712.362
2,BUSHWICK,13 CONDOS - ELEVATOR APARTMENTS,Class 4,7,3,23245,1963,2019,1021777.777
1,HARLEM,21 OFFICE BUILDINGS,Class 1,5,0,1115,1917,2015,1337814.037
5,RIVERDALE,02 TWO FAMILY DWELLINGS,Class 1,1,3,8562,1988,2012,776457.2059
5,HARLEM,21 OFFICE BUILDINGS,Class 2,7,0,28714,1934,2013,934258.3071
1,UPPER EAST SIDE,02 TWO FAMILY DWELLINGS,Class 1,5,4,44788,1967,2013,1817138.038
5,HARLEM,02 TWO FAMILY DWELLINGS,Class 2,5,0,39245,1977,2010,1003390.909
5,UPPER EAST SIDE,01 ONE FAMILY DWELLINGS,Class 2,7,1,44687,1938,2012,1320497.591
5,UPPER EAST SIDE,01 ONE FAMILY DWELLINGS,Class 1,0,4,43048,1989,2012,845868.1908
3,RIVERDALE,21 OFFICE BUILDINGS,Class 1,1,3,11181,1907,2022,847916.3473
4,ST. GEORGE,01 ONE FAMILY DWELLINGS,Class 1,8,4,7484,1987,2023,1298323.895
2,BUSHWICK,01 ONE FAMILY DWELLINGS,Class 1,7,4,28079,1979,2010,914893.965
3,HARLEM,01 ONE FAMILY DWELLINGS,Class 1,6,3,25774,1983,2022,1249650.62
5,UPPER EAST SIDE,21 OFFICE BUILDINGS,Class 1,6,3,38239,1914,2018,1188649.655
1,HARLEM,13 CONDOS - ELEVATOR APARTMENTS,Class 1,4,1,27899,1906,2020,1847679.451
5,ST. GEORGE,01 ONE FAMILY DWELLINGS,Class 2,1,3,31981,2021,2010,914369.8834
4,BUSHWICK,01 ONE FAMILY DWELLINGS,Class 2,5,2,1444,1916,2018,973375.421
5,ST. GEORGE,21 OFFICE BUILDINGS,Class 2,9,2,28957,1985,2010,1234543.579
1,BUSHWICK,13 CONDOS - ELEVATOR APARTMENTS,Class 1,2,1,9614,1985,2011,1439159.64
4,ASTORIA,01 ONE FAMILY DWELLINGS,Class 1,3,0,40346,2017,2011,996851.9823
5,BUSHWICK,02 TWO FAMILY DWELLINGS,Class 4,9,0,18630,1963,2023,792104.7051
4,RIVERDALE,21 OFFICE BUILDINGS,Class 2,1,2,12812,1911,2015,921392.3765
2,ST. GEORGE,01 ONE FAMILY DWELLINGS,Class 4,1,3,33096,1981,2016,1048031.665
2,UPPER EAST SIDE,01 ONE FAMILY DWELLINGS,Class 1,7,1,39051,1955,2020,1002992.001
5,ASTORIA,02 TWO FAMILY DWELLINGS,Class 2,7,0,10251,1945,2010,745967.2942
4,RIVERDALE,02 TWO FAMILY DWELLINGS,Class 2,9,0,7407,1946,2012,1043909.193
1,HARLEM,21 OFFICE BUILDINGS,Class 1,5,4,28614,1978,2011,1805707.542
5,ST. GEORGE,21 OFFICE BUILDINGS,Class 2,4,2,25509,2000,2017,1055733.286
2,UPPER EAST SIDE,02 TWO FAMILY DWELLINGS,Class 2,7,3,19810,1915,2018,705483.2289
2,BUSHWICK,21 OFFICE BUILDINGS,Class 1,3,1,36225,1968,2022,822155.8661
5,UPPER EAST SIDE,02 TWO FAMILY DWELLINGS,Class 1,3,0,19496,1901,2011,865988.5918
4,HARLEM,01 ONE FAMILY DWELLINGS,Class 2,4,4,6547,2015,2011,913544.9064
2,ASTORIA,02 TWO FAMILY DWELLINGS,Class 4,0,2,39517,1991,2019,750671.9373
4,ASTORIA,02 TWO FAMILY DWELLINGS,Class 1,0,2,29267,2020,2024,1019473.287
2,ST. GEORGE,13 CONDOS - ELEVATOR APARTMENTS,Class 1,1,1,16847,2004,2018,644441.282
2,ASTORIA,02 TWO FAMILY DWELLINGS,Class 1,7,0,37027,1953,2023,763979.5568
3,ST. GEORGE,02 TWO FAMILY DWELLINGS,Class 2,6,1,24602,1926,2013,1385329.052
2,ST. GEORGE,13 CONDOS - ELEVATOR APARTMENTS,Class 1,9,1,4763,1930,2014,859896.6598
1,ST. GEORGE,21 OFFICE BUILDINGS,Class 4,8,4,43549,1940,2022,1946945.016
5,BUSHWICK,13 CONDOS - ELEVATOR APARTMENTS,Class 1,4,2,2402,1935,2020,696686.4878
5,RIVERDALE,01 ONE FAMILY DWELLINGS,Class 1,1,3,31323,1946,2018,975140.6357
4,ST. GEORGE,13 CONDOS - ELEVATOR APARTMENTS,Class 2,6,2,31040,1942,2015,1194631.398
2,ST. GEORGE,01 ONE FAMILY DWELLINGS,Class 3,7,2,35835,1964,2019,1075369.459
1,RIVERDALE,21 OFFICE BUILDINGS,Class 2,6,4,10690,1949,2021,1535945.453
4,UPPER EAST SIDE,13 CONDOS - ELEVATOR APARTMENTS,Class 2,6,3,41343,1992,2018,1293449.602
3,ST. GEORGE,13 CONDOS - ELEVATOR APARTMENTS,Class 4,4,0,28190,1900,2018,1156361.563
4,BUSHWICK,21 OFFICE BUILDINGS,Class 1,1,3,3494,1971,2016,1021787.855
4,ASTORIA,01 ONE FAMILY DWELLINGS,Class 4,5,0,38497,1956,2023,988102.1765
2,ASTORIA,13 CONDOS - ELEVATOR APARTMENTS,Class 1,3,3,2510,1915,2021,744183.4883
3,HARLEM,01 ONE FAMILY DWELLINGS,Class 2,9,1,7877,2021,2019,1370475.22
4,HARLEM,13 CONDOS - ELEVATOR APARTMENTS,Class 2,1,3,13536,1927,2018,869682.6751
1,ASTORIA,02 TWO FAMILY DWELLINGS,Class 1,8,4,26967,1985,2014,1468537.803
1,ASTORIA,13 CONDOS - ELEVATOR APARTMENTS,Class 4,6,0,548,1981,2014,1404127.066
5,BUSHWICK,21 OFFICE BUILDINGS,Class 1,5,2,37478,1921,2021,1041666.091
3,RIVERDALE,21 OFFICE BUILDINGS,Class 1,4,4,48106,1940,2017,1394969.811
3,HARLEM,01 ONE FAMILY DWELLINGS,Class 2,2,0,16538,1975,2019,997263.1799
5,RIVERDALE,13 CONDOS - ELEVATOR APARTMENTS,Class 1,9,0,33076,1918,2013,1280840.925
4,BUSHWICK,01 ONE FAMILY DWELLINGS,Class 2,9,2,8378,1988,2018,1130447.434
3,ASTORIA,01 ONE FAMILY DWELLINGS,Class 1,3,1,28109,1949,2016,1313293.274
1,ST. GEORGE,02 TWO FAMILY DWELLINGS,Class 1,2,4,49722,1958,2016,1671982.809
1,RIVERDALE,02 TWO FAMILY DWELLINGS,Class 1,7,2,48615,1968,2022,1837845.527
2,ASTORIA,21 OFFICE BUILDINGS,Class 1,2,2,24570,1933,2024,756606.5498
3,ASTORIA,01 ONE FAMILY DWELLINGS,Class 2,6,1,41147,1938,2012,1376857.826
4,UPPER EAST SIDE,21 OFFICE BUILDINGS,Class 2,6,4,22496,1973,2013,1037165.463
5,RIVERDALE,13 CONDOS - ELEVATOR APARTMENTS,Class 4,6,2,18661,2010,2016,828726.6394
5,ST. GEORGE,01 ONE FAMILY DWELLINGS,Class 3,6,1,46522,2020,2020,980511.7744
4,RIVERDALE,01 ONE FAMILY DWELLINGS,Class 1,1,4,40648,1906,2020,1170361.757
2,ASTORIA,13 CONDOS - ELEVATOR APARTMENTS,Class 2,9,3,2728,2000,2023,831808.5779
5,ST. GEORGE,13 CONDOS - ELEVATOR APARTMENTS,Class 1,2,0,26865,2010,2014,1046592.146
3,BUSHWICK,21 OFFICE BUILDINGS,Class 1,9,1,25688,1951,2021,1465064.862
2,UPPER EAST SIDE,21 OFFICE BUILDINGS,Class 2,8,0,43082,1959,2012,1030631.246
3,ASTORIA,13 CONDOS - ELEVATOR APARTMENTS,Class 1,2,3,9388,1951,2010,1000171.903
1,HARLEM,21 OFFICE BUILDINGS,Class 1,1,2,23630,1978,2016,1509141.925
2,HARLEM,13 CONDOS - ELEVATOR APARTMENTS,Class 4,8,2,39659,2005,2015,1278724.304
5,UPPER EAST SIDE,01 ONE FAMILY DWELLINGS,Class 2,9,4,42697,1923,2019,1231508.119
2,BUSHWICK,01 ONE FAMILY DWELLINGS,Class 2,8,1,19290,1925,2024,914612.3176
2,ASTORIA,02 TWO FAMILY DWELLINGS,Class 1,3,1,25324,1989,2016,800538.1795
2,RIVERDALE,01 ONE FAMILY DWELLINGS,Class 1,8,4,33905,2009,2024,647456.1815
2,UPPER EAST SIDE,13 CONDOS - ELEVATOR APARTMENTS,Class 4,2,0,24974,1989,2023,567059.9181
3,BUSHWICK,21 OFFICE BUILDINGS,Class 1,6,2,17833,2021,2011,913186.2403
1,RIVERDALE,02 TWO FAMILY DWELLINGS,Class 2,6,2,43364,1909,2022,1872506.546
4,HARLEM,21 OFFICE BUILDINGS,Class 1,7,1,36855,1916,2021,1312627.019
2,HARLEM,13 CONDOS - ELEVATOR APARTMENTS,Class 2,9,1,34379,2016,2013,807266.2081
5,RIVERDALE,01 ONE FAMILY DWELLINGS,Class 1,3,4,8867,1977,2011,1036326.471
2,UPPER EAST SIDE,02 TWO FAMILY DWELLINGS,Class 3,2,3,1222,1901,2017,726335.7705
5,HARLEM,13 CONDOS - ELEVATOR APARTMENTS,Class 3,2,0,31645,2011,2016,936743.6311
3,ASTORIA,02 TWO FAMILY DWELLINGS,Class 2,4,3,38134,1976,2010,1080794.231
5,ST. GEORGE,02 TWO FAMILY DWELLINGS,Class 1,0,3,10639,1926,2011,768617.5417
4,RIVERDALE,01 ONE FAMILY DWELLINGS,Class 3,9,1,2628,1972,2011,948269.8773
1,RIVERDALE,13 CONDOS - ELEVATOR APARTMENTS,Class 2,2,1,42386,1970,2013,1495832.662
5,HARLEM,21 OFFICE BUILDINGS,Class 1,5,1,21117,1947,2012,888361.7596
5,UPPER EAST SIDE,02 TWO FAMILY DWELLINGS,Class 2,2,3,28580,1973,2010,928423.3775
1,ASTORIA,02 TWO FAMILY DWELLINGS,Class 1,4,0,35785,2019,2021,1329848.187
4,UPPER EAST SIDE,21 OFFICE BUILDINGS,Class 1,8,1,18033,2017,2023,1233590.192
2,BUSHWICK,13 CONDOS - ELEVATOR APARTMENTS,Class 2,1,2,33124,1908,2011,800974.0751
5,BUSHWICK,02 TWO FAMILY DWELLINGS,Class 1,1,0,47496,1985,2020,1095511.201
1,ST. GEORGE,02 TWO FAMILY DWELLINGS,Class 2,5,2,47447,1922,2018,1719448.428
3,HARLEM,02 TWO FAMILY DWELLINGS,Class 1,5,0,28456,1970,2022,1032243.399
1,HARLEM,13 CONDOS - ELEVATOR APARTMENTS,Class 4,7,1,42943,2011,2010,1605668.69
3,HARLEM,13 CONDOS - ELEVATOR APARTMENTS,Class 4,1,4,33577,1972,2018,992131.7414
4,ST. GEORGE,21 OFFICE BUILDINGS,Class 4,8,1,4452,1926,2016,870389.7186
2,BUSHWICK,13 CONDOS - ELEVATOR APARTMENTS,Class 1,1,3,47139,1987,2011,838080.5487
1,UPPER EAST SIDE,13 CONDOS - ELEVATOR APARTMENTS,Class 1,0,3,42960,1992,2011,1685686.315
5,ST. GEORGE,01 ONE FAMILY DWELLINGS,Class 2,9,0,23296,1980,2014,712924.0227
4,ST. GEORGE,21 OFFICE BUILDINGS,Class 1,1,3,32246,1983,2022,1103275.707
1,UPPER EAST SIDE,02 TWO FAMILY DWELLINGS,Class 1,6,1,21749,1970,2014,1328880.448
5,HARLEM,13 CONDOS - ELEVATOR APARTMENTS,Class 2,7,2,515,1942,2013,701076.3068
1,ASTORIA,02 TWO FAMILY DWELLINGS,Class 2,4,1,26457,2003,2021,1478816.194
3,UPPER EAST SIDE,02 TWO FAMILY DWELLINGS,Class 4,5,0,16505,1906,2019,1056741.698
1,BUSHWICK,01 ONE FAMILY DWELLINGS,Class 1,0,3,21792,1991,2019,1512160.683
1,RIVERDALE,13 CONDOS - ELEVATOR APARTMENTS,Class 1,5,2,32376,1982,2022,1655510.521
1,RIVERDALE,21 OFFICE BUILDINGS,Class 1,7,4,47546,1962,2021,1785500.322
4,ST. GEORGE,13 CONDOS - ELEVATOR APARTMENTS,Class 4,2,2,15317,1983,2012,884524.6044
1,RIVERDALE,02 TWO FAMILY DWELLINGS,Class 2,0,2,25970,1943,2013,1498663.798
5,ASTORIA,21 OFFICE BUILDINGS,Class 3,3,1,10259,1938,2019,956849.8195
3,HARLEM,13 CONDOS - ELEVATOR APARTMENTS,Class 4,0,4,48932,1939,2013,1411890.741
3,BUSHWICK,02 TWO FAMILY DWELLINGS,Class 2,7,0,6912,1906,2011,911150.4031
1,ASTORIA,02 TWO FAMILY DWELLINGS,Class 2,4,0,21004,1969,2014,1473711.226
4,BUSHWICK,01 ONE FAMILY DWELLINGS,Class 1,0,2,43464,1924,2024,1218562.185
4,BUSHWICK,01 ONE FAMILY DWELLINGS,Class 2,7,2,9007,2004,2014,933881.7647
5,HARLEM,01 ONE FAMILY DWELLINGS,Class 2,8,3,21550,1958,2014,931209.8779
1,ST. GEORGE,02 TWO FAMILY DWELLINGS,Class 2,9,4,5320,1912,2020,1581710.758
3,RIVERDALE,13 CONDOS - ELEVATOR APARTMENTS,Class 4,1,2,8335,2002,2024,977271.045
4,HARLEM,01 ONE FAMILY DWELLINGS,Class 4,8,3,28131,2003,2020,1178089.232
1,ASTORIA,13 CONDOS - ELEVATOR APARTMENTS,Class 2,7,4,35117,1985,2019,1331965.92
4,ST. GEORGE,01 ONE FAMILY DWELLINGS,Class 2,6,0,14087,2012,2010,992049.3215
4,ASTORIA,21 OFFICE BUILDINGS,Class 2,2,3,35221,1980,2015,1019316.174
3,ST. GEORGE,21 OFFICE BUILDINGS,Class 1,1,4,45999,2011,2020,1252139.654
2,ASTORIA,01 ONE FAMILY DWELLINGS,Class 1,6,3,7340,1985,2011,663211.9604
5,HARLEM,02 TWO FAMILY DWELLINGS,Class 2,4,2,38334,1997,2016,972421.9847
5,ST. GEORGE,01 ONE FAMILY DWELLINGS,Class 2,5,1,31940,1961,2013,983227.032
3,ST. GEORGE,01 ONE FAMILY DWELLINGS,Class 1,3,0,35683,1907,2024,1320347.623
4,BUSHWICK,02 TWO FAMILY DWELLINGS,Class 4,1,2,31136,2012,2014,915350.6152
1,BUSHWICK,21 OFFICE BUILDINGS,Class 1,8,2,2889,1944,2014,1798090.474
4,UPPER EAST SIDE,13 CONDOS - ELEVATOR APARTMENTS,Class 1,2,4,49479,1917,2014,1510269.329
3,ASTORIA,01 ONE FAMILY DWELLINGS,Class 2,6,3,1263,1987,2011,1190627.073
5,BUSHWICK,02 TWO FAMILY DWELLINGS,Class 1,7,0,24425,1959,2014,881133.0888
4,UPPER EAST SIDE,01 ONE FAMILY DWELLINGS,Class 1,1,2,27049,2017,2012,1047044.872
5,BUSHWICK,02 TWO FAMILY DWELLINGS,Class 1,5,4,39523,1959,2013,1247287.825
1,ASTORIA,13 CONDOS - ELEVATOR APARTMENTS,Class 2,7,0,40441,2005,2022,1531496.673
5,ST. GEORGE,13 CONDOS - ELEVATOR APARTMENTS,Class 2,6,3,23957,1901,2011,1203993.581
5,RIVERDALE,21 OFFICE BUILDINGS,Class 2,2,2,21923,1965,2013,875335.9574
2,ASTORIA,02 TWO FAMILY DWELLINGS,Class 2,0,2,11018,1990,2022,769522.8823
2,HARLEM,02 TWO FAMILY DWELLINGS,Class 1,5,2,43520,1913,2018,828660.3379
2,BUSHWICK,21 OFFICE BUILDINGS,Class 4,7,0,32860,1947,2017,859832.1313
5,BUSHWICK,21 OFFICE BUILDINGS,Class 1,5,0,45715,2002,2022,1140013.895
3,ST. GEORGE,02 TWO FAMILY DWELLINGS,Class 4,4,0,48357,2016,2023,1162603.378
5,HARLEM,21 OFFICE BUILDINGS,Class 2,7,0,28673,2016,2024,1066246.645
3,ST. GEORGE,13 CONDOS - ELEVATOR APARTMENTS,Class 4,1,4,9895,1955,2020,1093820.85
3,HARLEM,01 ONE FAMILY DWELLINGS,Class 1,0,1,45335,1911,2021,1189552.264
2,RIVERDALE,13 CONDOS - ELEVATOR APARTMENTS,Class 2,0,4,19707,1995,2012,1066832.295
4,BUSHWICK,21 OFFICE BUILDINGS,Class 1,3,2,38555,1991,2010,1228756.665
1,BUSHWICK,02 TWO FAMILY DWELLINGS,Class 1,5,4,46729,1954,2010,1937734.006
2,RIVERDALE,02 TWO FAMILY DWELLINGS,Class 2,8,3,27139,1927,2015,1235586.383
2,UPPER EAST SIDE,13 CONDOS - ELEVATOR APARTMENTS,Class 1,0,0,46670,2009,2012,712972.8515
4,ST. GEORGE,02 TWO FAMILY DWELLINGS,Class 2,0,3,29424,1988,2013,842079.1734
1,RIVERDALE,21 OFFICE BUILDINGS,Class 1,4,3,7933,1903,2010,1533518.901
5,ST. GEORGE,13 CONDOS - ELEVATOR APARTMENTS,Class 1,9,2,30604,1989,2017,1144536.903
5,ASTORIA,02 TWO FAMILY DWELLINGS,Class 2,4,0,44552,1935,2010,1182757.802
2,BUSHWICK,01 ONE FAMILY DWELLINGS,Class 2,4,3,38094,1949,2014,845214.362
1,ST. GEORGE,01 ONE FAMILY DWELLINGS,Class 2,9,2,4164,1902,2015,1671387.371
2,HARLEM,21 OFFICE BUILDINGS,Class 2,5,0,11028,1900,2024,703707.6953
3,ST. GEORGE,02 TWO FAMILY DWELLINGS,Class 3,7,1,28690,1916,2011,1179640.697
2,ASTORIA,21 OFFICE BUILDINGS,Class 1,2,2,997,1970,2016,694804.1828
2,BUSHWICK,13 CONDOS - ELEVATOR APARTMENTS,Class 2,8,4,8141,1961,2016,1097655.768
5,RIVERDALE,01 ONE FAMILY DWELLINGS,Class 4,0,0,5143,1947,2010,670984.7716
5,ASTORIA,13 CONDOS - ELEVATOR APARTMENTS,Class 2,3,3,5556,1961,2013,951863.2153
5,BUSHWICK,02 TWO FAMILY DWELLINGS,Class 2,8,3,33399,1968,2021,1025031.093
3,ST. GEORGE,21 OFFICE BUILDINGS,Class 2,7,4,5943,1918,2022,1175035.803
5,UPPER EAST SIDE,21 OFFICE BUILDINGS,Class 2,9,4,17741,2002,2013,1091001.088
1,UPPER EAST SIDE,21 OFFICE BUILDINGS,Class 2,8,3,46711,2009,2014,2097630.069
4,HARLEM,13 CONDOS - ELEVATOR APARTMENTS,Class 1,0,0,9212,1933,2010,883788.5075
1,BUSHWICK,01 ONE FAMILY DWELLINGS,Class 1,8,2,8721,1998,2010,1517569.374
1,UPPER EAST SIDE,13 CONDOS - ELEVATOR APARTMENTS,Class 3,2,4,31846,1948,2016,1694578.549
5,RIVERDALE,13 CONDOS - ELEVATOR APARTMENTS,Class 1,9,4,16160,1979,2018,911158.2499
4,BUSHWICK,02 TWO FAMILY DWELLINGS,Class 2,8,4,39415,2003,2010,1266321.069
4,RIVERDALE,02 TWO FAMILY DWELLINGS,Class 1,0,1,12088,2013,2011,887600.8437
4,RIVERDALE,02 TWO FAMILY DWELLINGS,Class 2,0,0,37872,1946,2015,1178283.069
3,UPPER EAST SIDE,01 ONE FAMILY DWELLINGS,Class 1,8,0,42720,2002,2024,1548946.107
5,BUSHWICK,01 ONE FAMILY DWELLINGS,Class 1,5,0,18442,1990,2024,916806.2505
4,ST. GEORGE,02 TWO FAMILY DWELLINGS,Class 4,3,0,49667,2004,2015,1043819.604
3,ASTORIA,02 TWO FAMILY DWELLINGS,Class 4,6,0,36873,2001,2011,1348223.327
2,UPPER EAST SIDE,01 ONE FAMILY DWELLINGS,Class 2,4,3,46552,2013,2018,1042910.464
2,UPPER EAST SIDE,21 OFFICE BUILDINGS,Class 2,9,4,2107,1949,2013,849284.6456
3,ST. GEORGE,01 ONE FAMILY DWELLINGS,Class 2,6,3,44977,1988,2022,1680803.475
3,BUSHWICK,01 ONE FAMILY DWELLINGS,Class 2,7,1,2516,1925,2016,812802.1566
5,BUSHWICK,01 ONE FAMILY DWELLINGS,Class 2,7,2,4074,1955,2015,891155.5667
5,RIVERDALE,02 TWO FAMILY DWELLINGS,Class 1,0,4,46809,1977,2020,1169393.102
2,ST. GEORGE,21 OFFICE BUILDINGS,Class 2,7,1,7774,1913,2022,707945.6972
4,ST. GEORGE,01 ONE FAMILY DWELLINGS,Class 2,5,3,43203,1977,2020,1225550.569
2,BUSHWICK,02 TWO FAMILY DWELLINGS,Class 4,3,2,16248,1924,2012,672464.8852
4,RIVERDALE,13 CONDOS - ELEVATOR APARTMENTS,Class 1,7,1,20675,1999,2017,1139782.184
4,UPPER EAST SIDE,13 CONDOS - ELEVATOR APARTMENTS,Class 2,2,2,39674,1903,2016,1060468.167
5,HARLEM,01 ONE FAMILY DWELLINGS,Class 2,3,1,12326,2010,2018,660150.521
1,ASTORIA,13 CONDOS - ELEVATOR APARTMENTS,Class 2,5,3,17972,1978,2012,1506644.275
1,UPPER EAST SIDE,21 OFFICE BUILDINGS,Class 1,6,2,34629,1931,2010,1769974.492
3,BUSHWICK,13 CONDOS - ELEVATOR APARTMENTS,Class 2,3,1,4973,1981,2011,807368.3803
5,ASTORIA,13 CONDOS - ELEVATOR APARTMENTS,Class 1,3,3,23990,1977,2021,929629.2009
4,HARLEM,21 OFFICE BUILDINGS,Class 1,6,4,40587,2021,2020,1022027.472
1,HARLEM,01 ONE FAMILY DWELLINGS,Class 2,5,3,41935,1964,2024,1624880.803
4,RIVERDALE,01 ONE FAMILY DWELLINGS,Class 2,7,3,9981,2005,2021,999083.658
1,ASTORIA,21 OFFICE BUILDINGS,Class 2,0,4,9020,1960,2010,1339572.618
1,RIVERDALE,21 OFFICE BUILDINGS,Class 4,9,3,26915,1919,2020,1714691.365
1,UPPER EAST SIDE,21 OFFICE BUILDINGS,Class 1,6,4,18070,1973,2014,1759292.507
5,ST. GEORGE,13 CONDOS - ELEVATOR APARTMENTS,Class 1,6,4,20298,1909,2024,935834.6915
2,ST. GEORGE,21 OFFICE BUILDINGS,Class 2,6,4,4036,1987,2019,733873.9831
4,ST. GEORGE,02 TWO FAMILY DWELLINGS,Class 1,6,1,2273,1933,2023,972770.6485
5,ASTORIA,13 CONDOS - ELEVATOR APARTMENTS,Class 1,9,2,30394,1960,2011,1023767.439
5,ST. GEORGE,01 ONE FAMILY DWELLINGS,Class 1,9,1,43523,1991,2012,1168979.641
5,UPPER EAST SIDE,01 ONE FAMILY DWELLINGS,Class 1,7,4,35826,1926,2017,1423173.864
5,RIVERDALE,01 ONE FAMILY DWELLINGS,Class 3,8,2,5579,1939,2024,1025012.319
5,ASTORIA,13 CONDOS - ELEVATOR APARTMENTS,Class 1,8,2,26338,1964,2019,1101161.251
3,RIVERDALE,02 TWO FAMILY DWELLINGS,Class 2,1,4,22304,1932,2023,1147722.811
4,ASTORIA,21 OFFICE BUILDINGS,Class 1,6,2,47609,1967,2014,1016607.505
5,RIVERDALE,21 OFFICE BUILDINGS,Class 2,6,2,20175,1970,2013,893032.8911
4,HARLEM,01 ONE FAMILY DWELLINGS,Class 1,3,1,26094,1908,2014,998939.531
3,RIVERDALE,01 ONE FAMILY DWELLINGS,Class 2,8,2,43249,1915,2019,1300073.024
3,ST. GEORGE,13 CONDOS - ELEVATOR APARTMENTS,Class 2,7,4,36792,1904,2015,1555895.657
4,HARLEM,02 TWO FAMILY DWELLINGS,Class 1,0,0,9498,1997,2021,913637.3524
1,RIVERDALE,21 OFFICE BUILDINGS,Class 2,1,0,14197,1922,2016,1356033.45
2,ASTORIA,13 CONDOS - ELEVATOR APARTMENTS,Class 1,1,0,46874,1942,2023,1092447.409
1,ASTORIA,21 OFFICE BUILDINGS,Class 2,7,4,13929,2013,2022,1705291.452
1,ASTORIA,01 ONE FAMILY DWELLINGS,Class 1,0,0,49307,1988,2018,1581262.248
1,BUSHWICK,21 OFFICE BUILDINGS,Class 4,3,1,7640,1956,2010,1383356.282
5,UPPER EAST SIDE,02 TWO FAMILY DWELLINGS,Class 1,9,4,42053,1950,2013,1566167.08
3,ASTORIA,02 TWO FAMILY DWELLINGS,Class 2,4,4,15401,1912,2021,1147723.298
1,HARLEM,01 ONE FAMILY DWELLINGS,Class 1,8,4,23779,1923,2021,1602311.843
3,ASTORIA,02 TWO FAMILY DWELLINGS,Class 1,6,2,29025,1910,2018,1138180.692
4,BUSHWICK,02 TWO FAMILY DWELLINGS,Class 2,7,2,20991,1951,2014,1315327.409
2,ST. GEORGE,13 CONDOS - ELEVATOR APARTMENTS,Class 4,8,2,3780,2014,2017,846028.0629
4,HARLEM,21 OFFICE BUILDINGS,Class 1,6,3,35480,1916,2021,1217600.981
4,BUSHWICK,01 ONE FAMILY DWELLINGS,Class 1,4,1,48481,1936,2010,1340849.149
5,ST. GEORGE,01 ONE FAMILY DWELLINGS,Class 1,4,4,30489,1912,2013,1049258.555
2,HARLEM,01 ONE FAMILY DWELLINGS,Class 1,9,4,8578,1961,2021,946607.2414
4,RIVERDALE,01 ONE FAMILY DWELLINGS,Class 1,5,2,26618,1990,2023,1251562.997
4,UPPER EAST SIDE,01 ONE FAMILY DWELLINGS,Class 2,4,4,24485,1983,2021,1291746.748
2,UPPER EAST SIDE,02 TWO FAMILY DWELLINGS,Class 1,8,4,49204,1996,2018,1389094.571
2,BUSHWICK,13 CONDOS - ELEVATOR APARTMENTS,Class 1,2,0,17497,2005,2022,711694.1236
4,ST. GEORGE,01 ONE FAMILY DWELLINGS,Class 2,2,4,14774,1995,2010,1047557.484
2,UPPER EAST SIDE,13 CONDOS - ELEVATOR APARTMENTS,Class 1,6,3,1368,1907,2010,725307.3144
4,ST. GEORGE,13 CONDOS - ELEVATOR APARTMENTS,Class 1,6,2,26898,1955,2013,1070697.26
4,ST. GEORGE,02 TWO FAMILY DWELLINGS,Class 1,5,1,16542,1992,2023,914166.8995
5,BUSHWICK,01 ONE FAMILY DWELLINGS,Class 2,2,1,32320,2003,2012,1154680.839
1,BUSHWICK,02 TWO FAMILY DWELLINGS,Class 1,6,0,48675,1982,2016,1632350.286
4,BUSHWICK,01 ONE FAMILY DWELLINGS,Class 2,4,1,21746,1969,2020,880764.3926
3,UPPER EAST SIDE,02 TWO FAMILY DWELLINGS,Class 1,6,1,21061,1943,2012,1027385.722
1,BUSHWICK,13 CONDOS - ELEVATOR APARTMENTS,Class 2,1,2,16754,1959,2010,1532008.699
1,UPPER EAST SIDE,01 ONE FAMILY DWELLINGS,Class 1,5,2,35012,2002,2021,1489113.94
1,BUSHWICK,21 OFFICE BUILDINGS,Class 2,7,3,35524,2011,2024,2023013.419
5,ASTORIA,13 CONDOS - ELEVATOR APARTMENTS,Class 3,0,0,24496,1940,2020,916260.7918
4,ST. GEORGE,21 OFFICE BUILDINGS,Class 2,3,1,29118,1920,2019,942510.6583
5,BUSHWICK,13 CONDOS - ELEVATOR APARTMENTS,Class 1,0,3,12359,2020,2011,709398.3499
4,HARLEM,02 TWO FAMILY DWELLINGS,Class 1,0,0,24080,1985,2019,819693.2835
5,ST. GEORGE,01 ONE FAMILY DWELLINGS,Class 1,9,1,5923,1941,2022,819949.7796
5,ST. GEORGE,13 CONDOS - ELEVATOR APARTMENTS,Class 1,7,1,38357,1973,2013,1207103.078
3,BUSHWICK,02 TWO FAMILY DWELLINGS,Class 1,6,2,7108,1973,2010,1036898.013
5,RIVERDALE,01 ONE FAMILY DWELLINGS,Class 2,9,4,42985,2015,2010,1243906.046
2,BUSHWICK,01 ONE FAMILY DWELLINGS,Class 1,0,0,5376,1928,2021,368474.0117
3,ST. GEORGE,13 CONDOS - ELEVATOR APARTMENTS,Class 2,1,1,21538,1979,2023,989800.0895
5,HARLEM,01 ONE FAMILY DWELLINGS,Class 2,3,0,28506,1964,2017,898220.5352
1,ST. GEORGE,13 CONDOS - ELEVATOR APARTMENTS,Class 2,0,3,36275,1916,2016,1573628.697
2,HARLEM,01 ONE FAMILY DWELLINGS,Class 1,2,3,31310,1929,2023,605880.438
2,UPPER EAST SIDE,21 OFFICE BUILDINGS,Class 3,7,4,14825,1925,2017,1091936.297
2,ASTORIA,02 TWO FAMILY DWELLINGS,Class 1,7,1,36392,1952,2022,908855.7405
3,ST. GEORGE,21 OFFICE BUILDINGS,Class 2,7,2,2253,2009,2013,1136959.868
5,BUSHWICK,13 CONDOS - ELEVATOR APARTMENTS,Class 2,5,1,30031,1918,2015,1090350.579
5,UPPER EAST SIDE,21 OFFICE BUILDINGS,Class 2,5,0,18496,1952,2024,778976.4971
1,ASTORIA,13 CONDOS - ELEVATOR APARTMENTS,Class 2,4,3,3775,1984,2022,1486412.933
1,BUSHWICK,01 ONE FAMILY DWELLINGS,Class 1,8,0,9247,1916,2012,1277789.548
2,RIVERDALE,01 ONE FAMILY DWELLINGS,Class 1,3,4,45711,1945,2020,971693.3262
1,BUSHWICK,13 CONDOS - ELEVATOR APARTMENTS,Class 2,9,3,1324,2003,2022,1698527.044
3,HARLEM,21 OFFICE BUILDINGS,Class 1,6,2,14380,1984,2017,1195253.988
5,HARLEM,01 ONE FAMILY DWELLINGS,Class 4,0,3,44309,1952,2013,1029038.529
2,RIVERDALE,02 TWO FAMILY DWELLINGS,Class 1,8,1,1581,2004,2012,674358.4754
1,UPPER EAST SIDE,01 ONE FAMILY DWELLINGS,Class 1,6,1,12017,2003,2013,1329100.295
3,ASTORIA,02 TWO FAMILY DWELLINGS,Class 1,9,3,22183,1963,2015,1281253.173
3,BUSHWICK,21 OFFICE BUILDINGS,Class 1,8,4,17376,1944,2020,1129638.542
1,HARLEM,02 TWO FAMILY DWELLINGS,Class 2,6,1,38032,1948,2016,1818951.25
5,UPPER EAST SIDE,02 TWO FAMILY DWELLINGS,Class 2,1,1,8766,1918,2016,858263.2627
1,RIVERDALE,02 TWO FAMILY DWELLINGS,Class 2,5,2,11683,1970,2023,1389490.938
2,ST. GEORGE,02 TWO FAMILY DWELLINGS,Class 3,9,3,21566,1980,2024,995771.6745
1,HARLEM,01 ONE FAMILY DWELLINGS,Class 4,3,1,49980,1964,2021,1561474.321
3,RIVERDALE,02 TWO FAMILY DWELLINGS,Class 3,2,4,13377,1936,2013,1004221.146
1,BUSHWICK,01 ONE FAMILY DWELLINGS,Class 1,1,0,10482,2020,2017,1273182.175
5,ASTORIA,02 TWO FAMILY DWELLINGS,Class 2,5,3,9468,1969,2016,1090491.638
4,HARLEM,13 CONDOS - ELEVATOR APARTMENTS,Class 1,7,2,27098,1925,2011,1158150.177
1,HARLEM,21 OFFICE BUILDINGS,Class 1,5,1,15139,1901,2022,1474401.746
5,BUSHWICK,02 TWO FAMILY DWELLINGS,Class 2,8,4,5174,1958,2017,888430.9253
5,ST. GEORGE,13 CONDOS - ELEVATOR APARTMENTS,Class 1,4,3,4816,1995,2018,764406.7927
3,UPPER EAST SIDE,02 TWO FAMILY DWELLINGS,Class 1,1,4,48582,2020,2014,1296103.475
5,ASTORIA,02 TWO FAMILY DWELLINGS,Class 1,7,4,10195,2011,2024,913477.1904
5,HARLEM,02 TWO FAMILY DWELLINGS,Class 1,8,2,49082,2017,2013,1400291.313
5,ASTORIA,13 CONDOS - ELEVATOR APARTMENTS,Class 4,9,3,31594,1904,2013,1238035.911
5,HARLEM,21 OFFICE BUILDINGS,Class 1,3,1,22687,1936,2022,838468.4471
2,ASTORIA,13 CONDOS - ELEVATOR APARTMENTS,Class 1,5,2,41647,1930,2013,963761.4134
2,RIVERDALE,21 OFFICE BUILDINGS,Class 2,9,1,1714,1975,2015,842006.9336
3,HARLEM,02 TWO FAMILY DWELLINGS,Class 1,7,0,24440,1998,2020,1247502.598
1,ASTORIA,01 ONE FAMILY DWELLINGS,Class 4,8,4,44906,1993,2013,1906337.979
5,UPPER EAST SIDE,02 TWO FAMILY DWELLINGS,Class 1,4,0,26185,1947,2016,987238.2569
1,RIVERDALE,21 OFFICE BUILDINGS,Class 2,5,4,43981,1905,2016,1768300.076
1,RIVERDALE,13 CONDOS - ELEVATOR APARTMENTS,Class 2,3,2,16477,1914,2014,1444923.254
3,UPPER EAST SIDE,02 TWO FAMILY DWELLINGS,Class 4,4,1,45339,1914,2022,1557038.835
5,ASTORIA,13 CONDOS - ELEVATOR APARTMENTS,Class 2,6,1,36404,1960,2014,1296654.339
5,BUSHWICK,13 CONDOS - ELEVATOR APARTMENTS,Class 3,8,2,26038,1915,2024,1443244.849
4,UPPER EAST SIDE,13 CONDOS - ELEVATOR APARTMENTS,Class 1,9,3,39886,1919,2019,1090800.239
1,ASTORIA,02 TWO FAMILY DWELLINGS,Class 1,5,0,38533,1976,2017,1955141.155
1,UPPER EAST SIDE,13 CONDOS - ELEVATOR APARTMENTS,Class 1,5,0,8465,1943,2016,1659092.421
2,UPPER EAST SIDE,13 CONDOS - ELEVATOR APARTMENTS,Class 4,7,1,10097,1941,2023,963340.3332
4,HARLEM,02 TWO FAMILY DWELLINGS,Class 1,3,1,41976,1945,2016,1170731.05
2,ASTORIA,13 CONDOS - ELEVATOR APARTMENTS,Class 1,2,1,28240,1994,2015,700532.1578
2,BUSHWICK,02 TWO FAMILY DWELLINGS,Class 1,6,2,7069,1933,2016,821680.4787
2,HARLEM,21 OFFICE BUILDINGS,Class 1,4,3,38481,1963,2016,878512.0794
3,UPPER EAST SIDE,21 OFFICE BUILDINGS,Class 1,1,0,12381,1928,2019,904505.4229
3,ST. GEORGE,21 OFFICE BUILDINGS,Class 4,1,4,37496,1902,2023,1141740.041
2,UPPER EAST SIDE,13 CONDOS - ELEVATOR APARTMENTS,Class 2,5,2,32677,1908,2011,890028.663
4,UPPER EAST SIDE,01 ONE FAMILY DWELLINGS,Class 2,7,0,37677,1974,2023,1337722.471
1,ASTORIA,01 ONE FAMILY DWELLINGS,Class 2,0,3,1090,1974,2019,1317378.687
4,ASTORIA,13 CONDOS - ELEVATOR APARTMENTS,Class 1,5,2,26619,1924,2011,1159003.875
5,HARLEM,01 ONE FAMILY DWELLINGS,Class 1,1,0,28415,1985,2023,869501.2821
3,BUSHWICK,02 TWO FAMILY DWELLINGS,Class 1,1,2,3208,1941,2019,952395.9379
1,HARLEM,01 ONE FAMILY DWELLINGS,Class 1,6,0,39249,2021,2016,1943120.247
1,RIVERDALE,13 CONDOS - ELEVATOR APARTMENTS,Class 2,9,0,45489,1945,2023,1818644.39
5,UPPER EAST SIDE,13 CONDOS - ELEVATOR APARTMENTS,Class 1,0,3,22606,1972,2019,878491.5204
5,ST. GEORGE,02 TWO FAMILY DWELLINGS,Class 1,5,4,17631,1983,2016,1135397.143
2,UPPER EAST SIDE,21 OFFICE BUILDINGS,Class 2,6,3,47053,1958,2016,1057389.463
3,UPPER EAST SIDE,13 CONDOS - ELEVATOR APARTMENTS,Class 4,7,0,7053,1920,2014,1176319.045
3,HARLEM,02 TWO FAMILY DWELLINGS,Class 3,6,2,18381,1973,2010,1117778.992
4,ST. GEORGE,01 ONE FAMILY DWELLINGS,Class 3,5,3,1879,1921,2023,998199.5628
2,ST. GEORGE,01 ONE FAMILY DWELLINGS,Class 2,8,4,25755,1928,2011,1069840.944
2,ST. GEORGE,02 TWO FAMILY DWELLINGS,Class 1,2,0,40628,1962,2022,775628.024
2,HARLEM,02 TWO FAMILY DWELLINGS,Class 2,5,3,4270,1972,2018,760622.8244
2,UPPER EAST SIDE,13 CONDOS - ELEVATOR APARTMENTS,Class 1,3,3,20226,1960,2017,799504.0596
3,HARLEM,01 ONE FAMILY DWELLINGS,Class 2,1,3,47717,1963,2017,1158921.124
3,ASTORIA,02 TWO FAMILY DWELLINGS,Class 2,0,3,9588,1968,2019,902458.5707
2,ASTORIA,01 ONE FAMILY DWELLINGS,Class 1,0,2,34814,1939,2010,722124.424
4,HARLEM,02 TWO FAMILY DWELLINGS,Class 2,9,4,39476,1974,2015,1446791.931
1,ST. GEORGE,01 ONE FAMILY DWELLINGS,Class 4,2,4,16850,1900,2024,1505271.112
1,UPPER EAST SIDE,21 OFFICE BUILDINGS,Class 1,3,0,42143,2016,2024,1544094.573
4,HARLEM,13 CONDOS - ELEVATOR APARTMENTS,Class 3,1,1,34563,2005,2018,898501.7642
2,HARLEM,01 ONE FAMILY DWELLINGS,Class 1,0,2,16361,1964,2024,580717.8207
3,HARLEM,21 OFFICE BUILDINGS,Class 2,3,0,14473,2021,2017,954274.4539
1,RIVERDALE,01 ONE FAMILY DWELLINGS,Class 2,6,0,18269,1961,2012,1240134.481
5,ASTORIA,01 ONE FAMILY DWELLINGS,Class 2,9,3,47749,1953,2013,1019110.479
5,ST. GEORGE,21 OFFICE BUILDINGS,Class 4,5,1,17826,2002,2024,852372.7757
4,BUSHWICK,01 ONE FAMILY DWELLINGS,Class 4,5,1,36548,1959,2012,1229493.443
2,ST. GEORGE,01 ONE FAMILY DWELLINGS,Class 2,8,2,46865,1945,2015,1099142.451
1,BUSHWICK,13 CONDOS - ELEVATOR APARTMENTS,Class 1,1,1,3286,1904,2023,1403202.355
2,RIVERDALE,21 OFFICE BUILDINGS,Class 4,3,0,35501,2012,2018,758618.0331
1,HARLEM,21 OFFICE BUILDINGS,Class 1,4,1,2120,1921,2024,1368151.038
4,RIVERDALE,02 TWO FAMILY DWELLINGS,Class 4,0,1,36803,1989,2017,1135409.785
4,RIVERDALE,01 ONE FAMILY DWELLINGS,Class 1,7,4,20089,1952,2024,1145396.182
5,UPPER EAST SIDE,13 CONDOS - ELEVATOR APARTMENTS,Class 1,7,0,3382,1969,2024,729268.8679
2,ASTORIA,01 ONE FAMILY DWELLINGS,Class 2,5,1,49822,1931,2022,1257621.087
5,BUSHWICK,01 ONE FAMILY DWELLINGS,Class 1,4,1,25024,2011,2019,991675.2226
2,HARLEM,02 TWO FAMILY DWELLINGS,Class 1,7,3,10245,1910,2013,1006655.603
5,BUSHWICK,01 ONE FAMILY DWELLINGS,Class 1,2,1,37165,1909,2024,984975.1055
3,ST. GEORGE,13 CONDOS - ELEVATOR APARTMENTS,Class 1,2,1,16361,2010,2011,1015831.441
3,BUSHWICK,13 CONDOS - ELEVATOR APARTMENTS,Class 1,1,4,26671,1938,2022,1130808.628
3,ST. GEORGE,02 TWO FAMILY DWELLINGS,Class 1,4,0,26699,2018,2017,1355395.734
3,ASTORIA,01 ONE FAMILY DWELLINGS,Class 2,2,2,3337,1997,2017,812518.9363
1,ST. GEORGE,13 CONDOS - ELEVATOR APARTMENTS,Class 1,2,0,9099,1930,2023,1376040.698
3,BUSHWICK,01 ONE FAMILY DWELLINGS,Class 2,5,3,16411,1911,2021,1396890.755
4,BUSHWICK,01 ONE FAMILY DWELLINGS,Class 1,7,0,21053,2014,2020,1059391.293
4,ST. GEORGE,01 ONE FAMILY DWELLINGS,Class 4,1,1,39989,2007,2015,1156242.93
1,RIVERDALE,02 TWO FAMILY DWELLINGS,Class 4,3,3,24313,1979,2023,1695890.622
3,ASTORIA,01 ONE FAMILY DWELLINGS,Class 1,6,0,38755,1937,2017,1303415.236
3,UPPER EAST SIDE,13 CONDOS - ELEVATOR APARTMENTS,Class 2,0,3,48389,1966,2018,1275266.467
3,HARLEM,01 ONE FAMILY DWELLINGS,Class 3,0,2,30020,1965,2022,1095036.409
5,BUSHWICK,13 CONDOS - ELEVATOR APARTMENTS,Class 4,9,0,30041,1951,2010,1325580.511
2,HARLEM,01 ONE FAMILY DWELLINGS,Class 2,6,1,736,1904,2018,972919.007
5,UPPER EAST SIDE,13 CONDOS - ELEVATOR APARTMENTS,Class 1,6,3,27850,1910,2011,1097654.093
2,HARLEM,13 CONDOS - ELEVATOR APARTMENTS,Class 2,0,4,44897,2021,2023,1016244.979
3,UPPER EAST SIDE,01 ONE FAMILY DWELLINGS,Class 2,0,3,12049,1924,2022,936704.2668
3,ST. GEORGE,01 ONE FAMILY DWELLINGS,Class 2,3,4,27953,1934,2010,1232754.59
5,RIVERDALE,13 CONDOS - ELEVATOR APARTMENTS,Class 1,4,1,35691,1934,2017,1139471.914
5,BUSHWICK,21 OFFICE BUILDINGS,Class 4,4,2,13406,1921,2017,963057.8617
2,UPPER EAST SIDE,02 TWO FAMILY DWELLINGS,Class 4,3,4,15488,1936,2020,851740.9797
4,HARLEM,21 OFFICE BUILDINGS,Class 1,7,2,28223,1985,2013,1089632.212
2,BUSHWICK,21 OFFICE BUILDINGS,Class 1,6,3,34300,1954,2017,1279526.535
5,RIVERDALE,01 ONE FAMILY DWELLINGS,Class 1,8,1,39607,1974,2016,1212945.891
5,ST. GEORGE,02 TWO FAMILY DWELLINGS,Class 3,6,4,27930,1995,2022,1002325.567
1,BUSHWICK,21 OFFICE BUILDINGS,Class 2,9,3,33035,1998,2011,1608250.575
5,UPPER EAST SIDE,01 ONE FAMILY DWELLINGS,Class 2,0,0,3440,1994,2014,611339.693
1,RIVERDALE,21 OFFICE BUILDINGS,Class 2,6,3,22293,2008,2023,1880413.657
4,HARLEM,21 OFFICE BUILDINGS,Class 2,0,2,12762,2016,2019,838540.4918
2,RIVERDALE,01 ONE FAMILY DWELLINGS,Class 1,6,1,44920,1971,2013,1085543.09
2,RIVERDALE,01 ONE FAMILY DWELLINGS,Class 2,9,1,38210,1963,2012,1049478.107
1,ASTORIA,01 ONE FAMILY DWELLINGS,Class 2,7,3,7461,1919,2010,1572274.398
2,RIVERDALE,02 TWO FAMILY DWELLINGS,Class 4,8,0,26999,2005,2014,1018318.304
5,RIVERDALE,21 OFFICE BUILDINGS,Class 4,2,2,40998,1997,2019,949065.3137
3,BUSHWICK,01 ONE FAMILY DWELLINGS,Class 4,3,3,31783,1903,2017,1187581.55
1,HARLEM,13 CONDOS - ELEVATOR APARTMENTS,Class 2,3,3,1133,1917,2021,1243279.784
2,BUSHWICK,21 OFFICE BUILDINGS,Class 2,8,1,7322,1950,2018,1031143.672
1,BUSHWICK,13 CONDOS - ELEVATOR APARTMENTS,Class 2,6,2,26468,1967,2016,1549748.847
1,UPPER EAST SIDE,02 TWO FAMILY DWELLINGS,Class 4,2,0,39755,1919,2021,1306042.82
3,BUSHWICK,01 ONE FAMILY DWELLINGS,Class 1,9,1,48399,2021,2020,1412464.715
5,ASTORIA,13 CONDOS - ELEVATOR APARTMENTS,Class 1,4,3,20330,1908,2010,729851.615
1,ASTORIA,02 TWO FAMILY DWELLINGS,Class 1,6,1,6238,1979,2010,1311591.505
2,UPPER EAST SIDE,01 ONE FAMILY DWELLINGS,Class 2,7,1,3598,1925,2024,783808.3312
4,ST. GEORGE,13 CONDOS - ELEVATOR APARTMENTS,Class 1,0,4,30388,2001,2010,1164847.839
1,HARLEM,13 CONDOS - ELEVATOR APARTMENTS,Class 1,1,1,8597,1924,2011,1223205.311
1,HARLEM,02 TWO FAMILY DWELLINGS,Class 1,6,1,13636,1967,2010,1497111.926
3,BUSHWICK,01 ONE FAMILY DWELLINGS,Class 1,1,2,38744,1940,2013,1156816.997
5,BUSHWICK,01 ONE FAMILY DWELLINGS,Class 4,6,1,8753,1958,2019,962160.833
4,ST. GEORGE,13 CONDOS - ELEVATOR APARTMENTS,Class 1,8,0,25708,1944,2018,1252475.55
2,BUSHWICK,13 CONDOS - ELEVATOR APARTMENTS,Class 2,1,3,5387,1940,2021,617671.3608
4,HARLEM,13 CONDOS - ELEVATOR APARTMENTS,Class 2,6,2,44911,1937,2013,1106867.145
2,RIVERDALE,01 ONE FAMILY DWELLINGS,Class 4,3,1,9992,2016,2022,767620.3284
5,ASTORIA,02 TWO FAMILY DWELLINGS,Class 1,1,0,35921,1918,2013,820733.8905
2,RIVERDALE,02 TWO FAMILY DWELLINGS,Class 4,6,3,1954,1913,2016,924716.3607
3,RIVERDALE,01 ONE FAMILY DWELLINGS,Class 2,4,2,18022,1920,2023,1141993.072
3,HARLEM,21 OFFICE BUILDINGS,Class 4,0,0,39075,1914,2020,1006013.157
3,RIVERDALE,02 TWO FAMILY DWELLINGS,Class 4,4,1,3692,1902,2018,904908.8731
3,ST. GEORGE,13 CONDOS - ELEVATOR APARTMENTS,Class 1,2,4,46080,1936,2016,1369451.212
4,UPPER EAST SIDE,21 OFFICE BUILDINGS,Class 1,6,4,16275,2016,2010,1207795.104
5,BUSHWICK,21 OFFICE BUILDINGS,Class 1,5,2,10902,2013,2010,951707.5065
2,UPPER EAST SIDE,02 TWO FAMILY DWELLINGS,Class 2,7,0,13574,1945,2013,935583.7909
2,ASTORIA,21 OFFICE BUILDINGS,Class 1,4,3,15745,1915,2013,807649.0643
3,BUSHWICK,21 OFFICE BUILDINGS,Class 1,1,0,37027,1913,2010,1023990.281
3,RIVERDALE,02 TWO FAMILY DWELLINGS,Class 2,8,4,26436,1908,2015,1416128.967
1,ASTORIA,02 TWO FAMILY DWELLINGS,Class 1,7,2,27502,2010,2019,1636649.249
5,BUSHWICK,21 OFFICE BUILDINGS,Class 1,5,1,16183,1906,2011,826097.9724
4,ST. GEORGE,13 CONDOS - ELEVATOR APARTMENTS,Class 2,9,0,12960,1913,2020,1022236.959
2,ST. GEORGE,01 ONE FAMILY DWELLINGS,Class 1,6,4,30982,1905,2014,1378553.232
1,ST. GEORGE,21 OFFICE BUILDINGS,Class 1,8,3,16947,1984,2017,1486467.261
1,ST. GEORGE,21 OFFICE BUILDINGS,Class 2,6,2,48728,1914,2024,1820034.03
2,RIVERDALE,13 CONDOS - ELEVATOR APARTMENTS,Class 2,2,1,18229,1951,2012,679926.3498
4,UPPER EAST SIDE,21 OFFICE BUILDINGS,Class 4,5,0,21045,1971,2018,1228900.897
1,BUSHWICK,21 OFFICE BUILDINGS,Class 2,6,3,28704,1933,2016,2022588.856
1,RIVERDALE,01 ONE FAMILY DWELLINGS,Class 2,1,1,10314,2003,2018,1289603.335
5,ST. GEORGE,01 ONE FAMILY DWELLINGS,Class 2,2,4,14390,1900,2010,847315.73
4,UPPER EAST SIDE,01 ONE FAMILY DWELLINGS,Class 3,3,4,2240,1995,2014,1080915.46
1,ASTORIA,02 TWO FAMILY DWELLINGS,Class 4,9,3,30621,2021,2021,1472542.803
4,ASTORIA,02 TWO FAMILY DWELLINGS,Class 4,5,4,11718,2012,2022,1084144.357
2,ASTORIA,01 ONE FAMILY DWELLINGS,Class 2,0,2,6555,2014,2012,455018.3103
3,ST. GEORGE,01 ONE FAMILY DWELLINGS,Class 1,8,3,23205,1968,2013,1441080.584
1,ASTORIA,02 TWO FAMILY DWELLINGS,Class 1,4,4,35222,1993,2013,1592027.456
5,HARLEM,13 CONDOS - ELEVATOR APARTMENTS,Class 1,6,0,49931,1985,2020,848346.2215
2,BUSHWICK,21 OFFICE BUILDINGS,Class 4,8,4,42500,1919,2021,1383627.688
4,BUSHWICK,21 OFFICE BUILDINGS,Class 2,8,2,6939,1979,2016,1013979.912
2,ST. GEORGE,01 ONE FAMILY DWELLINGS,Class 2,0,1,31421,1906,2019,810882.0292
1,HARLEM,13 CONDOS - ELEVATOR APARTMENTS,Class 1,0,1,34229,1906,2020,1391778.938
4,RIVERDALE,02 TWO FAMILY DWELLINGS,Class 3,2,4,23711,1949,2017,1069464.848
3,RIVERDALE,01 ONE FAMILY DWELLINGS,Class 1,5,1,31114,2013,2020,1231734.759
2,ASTORIA,13 CONDOS - ELEVATOR APARTMENTS,Class 1,1,4,18101,1901,2019,887913.5293
1,UPPER EAST SIDE,13 CONDOS - ELEVATOR APARTMENTS,Class 1,9,2,28296,1946,2014,1689727.012
5,RIVERDALE,13 CONDOS - ELEVATOR APARTMENTS,Class 2,0,1,6507,1913,2022,759761.7081
4,UPPER EAST SIDE,02 TWO FAMILY DWELLINGS,Class 2,0,0,21014,1930,2022,653357.491
2,BUSHWICK,02 TWO FAMILY DWELLINGS,Class 4,4,4,18276,1949,2021,1015301.929
2,UPPER EAST SIDE,21 OFFICE BUILDINGS,Class 1,3,1,2576,1960,2019,721426.9252
3,BUSHWICK,21 OFFICE BUILDINGS,Class 2,0,2,25850,1940,2016,981352.2987
3,HARLEM,13 CONDOS - ELEVATOR APARTMENTS,Class 2,3,2,39464,1913,2012,1270607.999
5,HARLEM,13 CONDOS - ELEVATOR APARTMENTS,Class 1,2,0,16792,1904,2012,828829.3749
5,ST. GEORGE,02 TWO FAMILY DWELLINGS,Class 3,1,2,32010,1974,2012,1017062.753
1,ST. GEORGE,21 OFFICE BUILDINGS,Class 2,8,2,28500,2003,2021,1870646.223
1,ASTORIA,13 CONDOS - ELEVATOR APARTMENTS,Class 2,0,1,43583,1904,2013,1535741.83
5,RIVERDALE,21 OFFICE BUILDINGS,Class 4,6,4,30883,1963,2015,1157752.868
5,ASTORIA,21 OFFICE BUILDINGS,Class 2,3,3,12285,1928,2024,1066063.133
4,BUSHWICK,13 CONDOS - ELEVATOR APARTMENTS,Class 1,4,2,41410,1974,2014,1206278.487
3,ASTORIA,02 TWO FAMILY DWELLINGS,Class 2,9,2,39528,1904,2017,1186628.313
1,UPPER EAST SIDE,13 CONDOS - ELEVATOR APARTMENTS,Class 1,4,3,25355,2012,2023,1639912.931
3,BUSHWICK,13 CONDOS - ELEVATOR APARTMENTS,Class 1,0,2,24781,2017,2023,866333.747
3,ST. GEORGE,21 OFFICE BUILDINGS,Class 1,5,1,48802,1995,2021,1393184.835
5,HARLEM,13 CONDOS - ELEVATOR APARTMENTS,Class 2,8,1,5341,1935,2022,1109595.041
4,ST. GEORGE,02 TWO FAMILY DWELLINGS,Class 2,1,3,32168,1978,2014,1162349.314
2,RIVERDALE,13 CONDOS - ELEVATOR APARTMENTS,Class 1,6,2,27418,1918,2020,809150.5948
4,BUSHWICK,02 TWO FAMILY DWELLINGS,Class 2,5,2,46652,1963,2021,1276465.342
4,BUSHWICK,02 TWO FAMILY DWELLINGS,Class 4,4,4,17943,1921,2014,1271878.258
3,UPPER EAST SIDE,21 OFFICE BUILDINGS,Class 1,3,2,32750,1933,2023,947491.7225
4,RIVERDALE,01 ONE FAMILY DWELLINGS,Class 1,3,1,2422,1955,2019,907076.241
1,HARLEM,01 ONE FAMILY DWELLINGS,Class 2,5,0,32476,1916,2011,1532123.063
3,BUSHWICK,21 OFFICE BUILDINGS,Class 1,3,0,12491,1975,2021,805010.1557
1,BUSHWICK,13 CONDOS - ELEVATOR APARTMENTS,Class 2,4,0,39369,1988,2020,1505044.959
2,UPPER EAST SIDE,21 OFFICE BUILDINGS,Class 1,5,0,23233,1955,2020,578776.0457
3,ASTORIA,02 TWO FAMILY DWELLINGS,Class 2,4,2,2973,1916,2014,950088.0068
2,HARLEM,01 ONE FAMILY DWELLINGS,Class 2,6,2,8608,1973,2024,804060.2049
3,ST. GEORGE,21 OFFICE BUILDINGS,Class 2,8,4,29215,1991,2021,986049.3
5,RIVERDALE,13 CONDOS - ELEVATOR APARTMENTS,Class 3,9,2,48718,2020,2016,1176323.143
4,BUSHWICK,21 OFFICE BUILDINGS,Class 4,6,0,43311,1981,2011,894641.1901
5,BUSHWICK,01 ONE FAMILY DWELLINGS,Class 2,6,3,32710,2014,2023,1108336.235
2,ST. GEORGE,21 OFFICE BUILDINGS,Class 2,3,3,49478,1917,2022,944736.1413
4,HARLEM,21 OFFICE BUILDINGS,Class 1,0,1,37817,1944,2015,1056925.697
3,ASTORIA,01 ONE FAMILY DWELLINGS,Class 2,7,1,33862,1995,2016,1171547.923
4,BUSHWICK,02 TWO FAMILY DWELLINGS,Class 1,3,2,5389,1977,2014,903455.9183
1,HARLEM,02 TWO FAMILY DWELLINGS,Class 3,0,3,24521,1955,2018,1648387.603
4,ST. GEORGE,01 ONE FAMILY DWELLINGS,Class 1,4,0,8712,1979,2023,1093942.775
1,UPPER EAST SIDE,21 OFFICE BUILDINGS,Class 2,7,0,32471,1949,2013,1654690.795
4,ASTORIA,01 ONE FAMILY DWELLINGS,Class 1,3,0,3701,1957,2023,730183.418
1,RIVERDALE,02 TWO FAMILY DWELLINGS,Class 2,7,2,41122,1917,2023,1773570.232
2,BUSHWICK,13 CONDOS - ELEVATOR APARTMENTS,Class 4,7,2,40031,1979,2022,1156324.619
5,HARLEM,21 OFFICE BUILDINGS,Class 1,2,4,43921,1980,2019,1363510.561
3,UPPER EAST SIDE,02 TWO FAMILY DWELLINGS,Class 4,8,0,24846,1906,2024,1468412.887
4,RIVERDALE,21 OFFICE BUILDINGS,Class 1,2,0,38458,1975,2010,1002102.855
5,HARLEM,01 ONE FAMILY DWELLINGS,Class 2,0,2,14215,1997,2023,859248.8724
3,HARLEM,13 CONDOS - ELEVATOR APARTMENTS,Class 4,1,2,6181,1909,2017,827537.1043
3,RIVERDALE,01 ONE FAMILY DWELLINGS,Class 1,5,4,36946,1968,2024,1218323.126
1,UPPER EAST SIDE,13 CONDOS - ELEVATOR APARTMENTS,Class 4,9,4,47370,1984,2017,1672556.766
2,ST. GEORGE,21 OFFICE BUILDINGS,Class 1,1,1,17220,1902,2016,862075.2718
2,UPPER EAST SIDE,21 OFFICE BUILDINGS,Class 1,5,3,2167,1982,2017,748476.4018
5,ASTORIA,01 ONE FAMILY DWELLINGS,Class 4,0,0,28652,2008,2011,837610.9043
2,BUSHWICK,13 CONDOS - ELEVATOR APARTMENTS,Class 1,0,0,8704,1943,2012,458633.086
4,RIVERDALE,13 CONDOS - ELEVATOR APARTMENTS,Class 4,4,4,38390,1998,2018,975731.543
2,ST. GEORGE,21 OFFICE BUILDINGS,Class 4,9,4,25037,1969,2010,836026.6218
5,RIVERDALE,01 ONE FAMILY DWELLINGS,Class 1,8,1,11717,1913,2017,1041518.093
2,RIVERDALE,13 CONDOS - ELEVATOR APARTMENTS,Class 2,7,3,48851,1903,2017,1024252.514
4,UPPER EAST SIDE,21 OFFICE BUILDINGS,Class 1,2,1,34241,2008,2016,1146935.718
1,BUSHWICK,02 TWO FAMILY DWELLINGS,Class 2,2,3,21154,2014,2022,1477036.204
5,ASTORIA,01 ONE FAMILY DWELLINGS,Class 1,0,0,1908,1917,2023,643548.7647
1,HARLEM,02 TWO FAMILY DWELLINGS,Class 1,2,1,43403,1992,2020,1562302.847
1,HARLEM,01 ONE FAMILY DWELLINGS,Class 1,0,4,19172,1998,2014,1670412.954
1,RIVERDALE,21 OFFICE BUILDINGS,Class 2,7,1,42006,1951,2013,2024136.158
3,BUSHWICK,13 CONDOS - ELEVATOR APARTMENTS,Class 4,0,1,47617,1937,2019,1218083.495
3,ST. GEORGE,13 CONDOS - ELEVATOR APARTMENTS,Class 3,4,0,1718,1979,2019,883363.1348
1,UPPER EAST SIDE,13 CONDOS - ELEVATOR APARTMENTS,Class 2,8,4,36645,1919,2022,2007727.229
5,BUSHWICK,01 ONE FAMILY DWELLINGS,Class 2,6,4,44232,1987,2024,1591577.457
4,BUSHWICK,21 OFFICE BUILDINGS,Class 3,3,2,30605,1998,2019,949178.7902
4,UPPER EAST SIDE,02 TWO FAMILY DWELLINGS,Class 1,8,2,4598,1943,2023,1146692.92
2,RIVERDALE,21 OFFICE BUILDINGS,Class 2,8,2,8119,1950,2019,1019502.972
5,BUSHWICK,02 TWO FAMILY DWELLINGS,Class 4,1,0,12439,1918,2015,814882.715
3,HARLEM,01 ONE FAMILY DWELLINGS,Class 1,9,1,18726,2019,2021,1492937.006
1,UPPER EAST SIDE,01 ONE FAMILY DWELLINGS,Class 2,9,4,25822,1967,2020,1839023.965
2,ST. GEORGE,02 TWO FAMILY DWELLINGS,Class 3,5,4,17378,1996,2010,929656.9025
4,ASTORIA,02 TWO FAMILY DWELLINGS,Class 4,3,1,7060,1965,2022,863415.5754
3,RIVERDALE,02 TWO FAMILY DWELLINGS,Class 2,7,4,38778,1912,2014,1318778.255
3,UPPER EAST SIDE,21 OFFICE BUILDINGS,Class 1,6,1,36712,1961,2023,1010589.8
1,ASTORIA,02 TWO FAMILY DWELLINGS,Class 1,6,0,29799,2021,2013,1493114.514
4,ASTORIA,01 ONE FAMILY DWELLINGS,Class 1,9,0,8043,1960,2013,1188550.058
5,ST. GEORGE,01 ONE FAMILY DWELLINGS,Class 2,8,0,24446,2008,2016,1093998.929
3,BUSHWICK,13 CONDOS - ELEVATOR APARTMENTS,Class 1,4,1,32240,1929,2018,1029022.998
1,ST. GEORGE,02 TWO FAMILY DWELLINGS,Class 4,5,1,45697,1997,2017,1954702.445
5,BUSHWICK,21 OFFICE BUILDINGS,Class 1,0,3,7753,1929,2020,714849.7866
4,BUSHWICK,21 OFFICE BUILDINGS,Class 1,5,4,14275,1950,2022,1096262.137
3,UPPER EAST SIDE,21 OFFICE BUILDINGS,Class 2,1,4,33313,2017,2023,1144359.524
5,UPPER EAST SIDE,13 CONDOS - ELEVATOR APARTMENTS,Class 2,5,3,28132,1987,2021,1043671.61
5,RIVERDALE,01 ONE FAMILY DWELLINGS,Class 1,8,3,48865,1947,2017,1400019.376
5,BUSHWICK,21 OFFICE BUILDINGS,Class 2,7,0,2557,2007,2014,633193.1352
3,ASTORIA,01 ONE FAMILY DWELLINGS,Class 2,8,3,33931,1932,2015,1548421.898
3,HARLEM,13 CONDOS - ELEVATOR APARTMENTS,Class 1,9,1,37936,2004,2011,1336385.261
2,RIVERDALE,02 TWO FAMILY DWELLINGS,Class 1,7,2,18913,2012,2022,855530.4847
4,UPPER EAST SIDE,02 TWO FAMILY DWELLINGS,Class 3,2,1,30725,1973,2020,1054311.846
1,ST. GEORGE,02 TWO FAMILY DWELLINGS,Class 2,7,3,38985,1981,2023,1596282.179
5,RIVERDALE,21 OFFICE BUILDINGS,Class 1,5,4,3196,1918,2012,1050201.901
2,RIVERDALE,02 TWO FAMILY DWELLINGS,Class 3,5,1,46468,1970,2014,1148763.238
1,RIVERDALE,21 OFFICE BUILDINGS,Class 4,5,4,16601,1956,2011,1453784.268
2,RIVERDALE,13 CONDOS - ELEVATOR APARTMENTS,Class 2,2,1,9331,1918,2012,653057.7201
3,HARLEM,13 CONDOS - ELEVATOR APARTMENTS,Class 2,9,4,19547,1987,2013,1275500.388
5,ST. GEORGE,21 OFFICE BUILDINGS,Class 4,0,1,5504,1978,2015,807840.788
1,ST. GEORGE,01 ONE FAMILY DWELLINGS,Class 4,3,4,23205,1940,2014,1656709.947
1,ST. GEORGE,02 TWO FAMILY DWELLINGS,Class 2,9,2,46424,1941,2019,1674949.292
1,BUSHWICK,02 TWO FAMILY DWELLINGS,Class 2,5,0,22009,1986,2013,1482777.24
1,ASTORIA,02 TWO FAMILY DWELLINGS,Class 2,9,1,37670,1951,2022,1948466.841
1,ST. GEORGE,21 OFFICE BUILDINGS,Class 2,1,2,44055,2015,2024,1602879.135
2,RIVERDALE,13 CONDOS - ELEVATOR APARTMENTS,Class 1,6,0,15162,1903,2011,902782.1373
5,RIVERDALE,02 TWO FAMILY DWELLINGS,Class 2,6,1,39180,2001,2021,1114438.56
3,ST. GEORGE,13 CONDOS - ELEVATOR APARTMENTS,Class 3,3,2,894,1903,2020,1037745.451
3,ST. GEORGE,02 TWO FAMILY DWELLINGS,Class 2,3,2,47903,1904,2014,1247081.597
3,RIVERDALE,02 TWO FAMILY DWELLINGS,Class 2,0,2,36865,1940,2014,709252.994
3,BUSHWICK,21 OFFICE BUILDINGS,Class 2,1,3,11024,2007,2020,965917.7715
2,UPPER EAST SIDE,01 ONE FAMILY DWELLINGS,Class 1,8,4,33597,1986,2016,828015.2529
4,UPPER EAST SIDE,21 OFFICE BUILDINGS,Class 2,9,0,27173,2003,2010,1430574.737
5,ST. GEORGE,02 TWO FAMILY DWELLINGS,Class 2,7,4,17656,2016,2013,984357.4219
1,HARLEM,02 TWO FAMILY DWELLINGS,Class 1,7,4,2145,2000,2020,1539746.093
4,ST. GEORGE,01 ONE FAMILY DWELLINGS,Class 1,8,4,29549,1960,2014,1219733.707
3,ST. GEORGE,13 CONDOS - ELEVATOR APARTMENTS,Class 4,6,2,10315,1974,2017,1251912.705
4,UPPER EAST SIDE,13 CONDOS - ELEVATOR APARTMENTS,Class 1,8,4,2348,1954,2021,1398322.017
5,RIVERDALE,02 TWO FAMILY DWELLINGS,Class 1,9,3,34829,1974,2024,1394669.222
1,ST. GEORGE,13 CONDOS - ELEVATOR APARTMENTS,Class 4,1,1,34041,1912,2021,1264043.752
1,RIVERDALE,02 TWO FAMILY DWELLINGS,Class 2,5,2,7811,1913,2017,1356424.045
5,RIVERDALE,01 ONE FAMILY DWELLINGS,Class 2,2,0,22063,1959,2010,827657.3206
5,HARLEM,01 ONE FAMILY DWELLINGS,Class 4,5,1,15703,1971,2014,1029690.887
3,RIVERDALE,02 TWO FAMILY DWELLINGS,Class 1,2,1,9790,1924,2019,1030088.716
1,UPPER EAST SIDE,01 ONE FAMILY DWELLINGS,Class 2,7,1,35318,1981,2010,1736085.097
4,BUSHWICK,21 OFFICE BUILDINGS,Class 2,3,4,17631,2014,2010,1058542.908
2,BUSHWICK,21 OFFICE BUILDINGS,Class 3,9,4,30643,1943,2011,873563.6081
2,ASTORIA,01 ONE FAMILY DWELLINGS,Class 2,5,2,25009,2007,2011,788670.9255
5,ST. GEORGE,02 TWO FAMILY DWELLINGS,Class 2,8,4,22744,1981,2024,1249181.745
3,UPPER EAST SIDE,02 TWO FAMILY DWELLINGS,Class 2,1,4,37241,1909,2024,983737.7931
2,RIVERDALE,01 ONE FAMILY DWELLINGS,Class 2,1,4,27398,1970,2018,1042406.271
1,BUSHWICK,13 CONDOS - ELEVATOR APARTMENTS,Class 2,6,2,34883,1949,2013,1714969.983
5,UPPER EAST SIDE,21 OFFICE BUILDINGS,Class 2,1,2,47818,1943,2012,1047641.39
4,BUSHWICK,13 CONDOS - ELEVATOR APARTMENTS,Class 2,1,3,20638,1913,2020,833407.3339
5,RIVERDALE,02 TWO FAMILY DWELLINGS,Class 2,3,3,43762,1914,2010,1170169.898
4,BUSHWICK,02 TWO FAMILY DWELLINGS,Class 2,8,3,6006,1915,2021,945742.717
5,ST. GEORGE,13 CONDOS - ELEVATOR APARTMENTS,Class 2,7,3,21105,1901,2011,1066588.097
5,ST. GEORGE,01 ONE FAMILY DWELLINGS,Class 3,1,1,13554,1929,2015,923679.0497
5,ASTORIA,13 CONDOS - ELEVATOR APARTMENTS,Class 2,7,1,28731,1929,2018,952865.4886
4,ASTORIA,13 CONDOS - ELEVATOR APARTMENTS,Class 4,3,3,14361,1981,2014,948180.6924
4,BUSHWICK,21 OFFICE BUILDINGS,Class 3,1,3,12087,1930,2013,820701.05
5,UPPER EAST SIDE,21 OFFICE BUILDINGS,Class 2,9,0,14015,2007,2022,857295.0688
2,ST. GEORGE,13 CONDOS - ELEVATOR APARTMENTS,Class 2,6,1,22175,2011,2014,917274.8792
3,UPPER EAST SIDE,13 CONDOS - ELEVATOR APARTMENTS,Class 4,5,0,39122,1976,2018,1375024.792
3,UPPER EAST SIDE,02 TWO FAMILY DWELLINGS,Class 2,9,0,17100,1919,2021,1237058.626
3,BUSHWICK,21 OFFICE BUILDINGS,Class 3,4,4,28392,1948,2022,1008839.55
4,UPPER EAST SIDE,21 OFFICE BUILDINGS,Class 2,0,2,18243,2013,2016,939071.4326
4,ST. GEORGE,02 TWO FAMILY DWELLINGS,Class 2,1,1,4274,1934,2017,890627.4838
2,RIVERDALE,01 ONE FAMILY DWELLINGS,Class 1,7,3,22301,1922,2024,901602.7491
3,ASTORIA,21 OFFICE BUILDINGS,Class 2,0,3,38195,2005,2013,1142733.703
3,RIVERDALE,21 OFFICE BUILDINGS,Class 4,2,2,29353,1996,2020,1414492.712
5,UPPER EAST SIDE,01 ONE FAMILY DWELLINGS,Class 2,1,1,4929,2001,2017,834851.3039
4,RIVERDALE,21 OFFICE BUILDINGS,Class 2,4,3,5106,1998,2015,1151522.157
3,ST. GEORGE,21 OFFICE BUILDINGS,Class 4,3,3,4978,2014,2014,1002187.644
2,ST. GEORGE,01 ONE FAMILY DWELLINGS,Class 2,6,4,49344,1999,2022,938360.5002
2,UPPER EAST SIDE,01 ONE FAMILY DWELLINGS,Class 2,4,0,18780,1960,2021,646588.3481
3,BUSHWICK,13 CONDOS - ELEVATOR APARTMENTS,Class 2,7,3,40634,1983,2016,1080296.82
4,RIVERDALE,02 TWO FAMILY DWELLINGS,Class 2,3,1,4927,1954,2015,784550.2538
2,BUSHWICK,02 TWO FAMILY DWELLINGS,Class 1,5,2,46744,1966,2012,1083617.526
5,BUSHWICK,01 ONE FAMILY DWELLINGS,Class 2,3,4,5861,1907,2014,794853.9918
2,HARLEM,01 ONE FAMILY DWELLINGS,Class 2,1,1,25975,1939,2018,672291.7936
1,UPPER EAST SIDE,21 OFFICE BUILDINGS,Class 1,0,4,1141,1958,2016,1430223.648
1,ASTORIA,13 CONDOS - ELEVATOR APARTMENTS,Class 2,0,0,22230,1931,2021,1530948.199
4,ST. GEORGE,13 CONDOS - ELEVATOR APARTMENTS,Class 2,7,3,21613,1992,2013,1221155.057
3,ST. GEORGE,01 ONE FAMILY DWELLINGS,Class 1,3,1,20511,1906,2016,1128260.618
4,UPPER EAST SIDE,21 OFFICE BUILDINGS,Class 2,4,2,43353,1901,2014,1293547.658
4,ASTORIA,21 OFFICE BUILDINGS,Class 1,7,0,20159,1984,2020,1104021.872
4,ST. GEORGE,02 TWO FAMILY DWELLINGS,Class 2,6,0,37318,1905,2022,1136017.851
4,UPPER EAST SIDE,02 TWO FAMILY DWELLINGS,Class 4,7,4,37821,1991,2024,1311429.072
5,ST. GEORGE,21 OFFICE BUILDINGS,Class 2,7,0,21809,2011,2011,1081375.239
5,BUSHWICK,02 TWO FAMILY DWELLINGS,Class 1,5,1,19188,2005,2022,797990.0211
2,RIVERDALE,01 ONE FAMILY DWELLINGS,Class 1,9,4,28676,1935,2015,1344409.476
1,RIVERDALE,21 OFFICE BUILDINGS,Class 1,1,0,3843,1931,2016,1343550.691
4,ST. GEORGE,02 TWO FAMILY DWELLINGS,Class 2,5,2,2556,1944,2017,824349.2042
2,HARLEM,13 CONDOS - ELEVATOR APARTMENTS,Class 1,0,1,19692,1941,2015,593633.5921
1,ASTORIA,21 OFFICE BUILDINGS,Class 2,0,2,23976,1952,2017,1379970.892
3,ASTORIA,21 OFFICE BUILDINGS,Class 1,2,2,9916,2009,2016,1033789.87
5,ASTORIA,13 CONDOS - ELEVATOR APARTMENTS,Class 3,2,4,40494,1908,2011,1194142.514
1,BUSHWICK,01 ONE FAMILY DWELLINGS,Class 1,4,3,1386,1974,2023,1442743.949
3,ASTORIA,13 CONDOS - ELEVATOR APARTMENTS,Class 1,0,4,9084,1986,2015,975624.0583
1,RIVERDALE,21 OFFICE BUILDINGS,Class 3,9,1,28266,2013,2018,1663467.456
5,BUSHWICK,01 ONE FAMILY DWELLINGS,Class 1,5,1,19330,1974,2021,945885.2112
5,UPPER EAST SIDE,02 TWO FAMILY DWELLINGS,Class 1,6,4,20789,1948,2015,1060442.603
2,ASTORIA,02 TWO FAMILY DWELLINGS,Class 2,9,3,12030,1901,2013,1077836.492
4,ASTORIA,02 TWO FAMILY DWELLINGS,Class 2,2,4,4091,1966,2016,859028.4422
1,UPPER EAST SIDE,21 OFFICE BUILDINGS,Class 2,3,1,28842,1910,2012,1558186.915
1,ASTORIA,13 CONDOS - ELEVATOR APARTMENTS,Class 1,9,3,21895,1949,2014,1988808.188
3,UPPER EAST SIDE,01 ONE FAMILY DWELLINGS,Class 2,9,1,17238,1934,2010,1237746.072
5,BUSHWICK,02 TWO FAMILY DWELLINGS,Class 1,9,3,3131,2021,2024,911080.3803
1,RIVERDALE,01 ONE FAMILY DWELLINGS,Class 1,9,3,18405,1914,2019,1687267.785
5,UPPER EAST SIDE,21 OFFICE BUILDINGS,Class 4,9,4,19556,2006,2012,1176266.955
1,HARLEM,02 TWO FAMILY DWELLINGS,Class 2,2,4,44638,1974,2017,1373041.066
2,UPPER EAST SIDE,21 OFFICE BUILDINGS,Class 1,0,4,24046,1930,2018,677136.2781
4,ASTORIA,13 CONDOS - ELEVATOR APARTMENTS,Class 2,7,3,35947,1991,2018,1123230.255
1,BUSHWICK,21 OFFICE BUILDINGS,Class 1,9,3,37690,1961,2024,1944020.682
5,ST. GEORGE,21 OFFICE BUILDINGS,Class 4,9,1,26514,1927,2019,1060306.457
2,BUSHWICK,13 CONDOS - ELEVATOR APARTMENTS,Class 1,1,2,7963,1995,2011,587215.3457
1,ST. GEORGE,01 ONE FAMILY DWELLINGS,Class 1,0,4,42881,1924,2013,1642186.241
3,UPPER EAST SIDE,13 CONDOS - ELEVATOR APARTMENTS,Class 2,7,1,2280,1983,2014,1035952.779
4,RIVERDALE,13 CONDOS - ELEVATOR APARTMENTS,Class 2,6,1,26607,1991,2024,980802.101
1,HARLEM,21 OFFICE BUILDINGS,Class 2,6,0,32087,1924,2012,1636195.865
2,BUSHWICK,01 ONE FAMILY DWELLINGS,Class 1,3,4,42692,1974,2022,1323695.986
3,ASTORIA,02 TWO FAMILY DWELLINGS,Class 1,8,1,39839,1982,2020,1123029.933
2,ST. GEORGE,13 CONDOS - ELEVATOR APARTMENTS,Class 2,5,0,25468,1991,2010,730931.8647
2,ASTORIA,01 ONE FAMILY DWELLINGS,Class 1,1,4,34093,1900,2015,644688.7792
3,RIVERDALE,13 CONDOS - ELEVATOR APARTMENTS,Class 4,0,3,44423,1958,2023,1318670.012
2,ST. GEORGE,13 CONDOS - ELEVATOR APARTMENTS,Class 1,0,0,24160,1968,2024,516260.9945
3,BUSHWICK,13 CONDOS - ELEVATOR APARTMENTS,Class 2,8,3,2895,1973,2019,998336.2218
1,UPPER EAST SIDE,13 CONDOS - ELEVATOR APARTMENTS,Class 2,3,2,37413,1941,2011,1639638.616
3,ASTORIA,21 OFFICE BUILDINGS,Class 1,4,2,32348,2009,2018,1275322.136
3,RIVERDALE,01 ONE FAMILY DWELLINGS,Class 2,2,2,16279,1933,2010,881059.3187
4,BUSHWICK,01 ONE FAMILY DWELLINGS,Class 3,3,2,5992,1999,2020,819448.7096
3,BUSHWICK,01 ONE FAMILY DWELLINGS,Class 1,7,1,30222,1965,2018,1063840.515
3,BUSHWICK,13 CONDOS - ELEVATOR APARTMENTS,Class 4,3,2,7611,1917,2016,802013.6766
1,BUSHWICK,21 OFFICE BUILDINGS,Class 2,8,1,46355,1976,2020,1855924.917
4,ST. GEORGE,13 CONDOS - ELEVATOR APARTMENTS,Class 1,8,1,10484,2014,2022,964997.8526
5,BUSHWICK,13 CONDOS - ELEVATOR APARTMENTS,Class 2,5,4,32516,1904,2019,1059383.536
1,ASTORIA,01 ONE FAMILY DWELLINGS,Class 1,1,1,28140,1919,2011,1438515.292
1,RIVERDALE,13 CONDOS - ELEVATOR APARTMENTS,Class 2,9,1,7292,1965,2023,1437254.611
5,ST. GEORGE,02 TWO FAMILY DWELLINGS,Class 2,6,2,27424,1974,2015,1112597.386
3,BUSHWICK,13 CONDOS - ELEVATOR APARTMENTS,Class 3,8,1,33077,1961,2017,1455475.199
2,HARLEM,02 TWO FAMILY DWELLINGS,Class 4,5,3,8211,1993,2024,623513.0802
4,HARLEM,13 CONDOS - ELEVATOR APARTMENTS,Class 2,2,2,20512,1995,2011,828367.6204
2,RIVERDALE,21 OFFICE BUILDINGS,Class 2,6,0,34833,1931,2024,953887.2614
5,UPPER EAST SIDE,21 OFFICE BUILDINGS,Class 1,4,2,36935,1957,2014,840454.6456
1,UPPER EAST SIDE,01 ONE FAMILY DWELLINGS,Class 2,0,1,39727,1949,2022,1523265.524
1,ST. GEORGE,13 CONDOS - ELEVATOR APARTMENTS,Class 1,2,3,4596,1937,2021,1409962.149
4,ST. GEORGE,02 TWO FAMILY DWELLINGS,Class 2,4,2,1519,1954,2020,837327.5529
1,ST. GEORGE,02 TWO FAMILY DWELLINGS,Class 2,6,3,24812,1927,2015,1741216.641
1,UPPER EAST SIDE,13 CONDOS - ELEVATOR APARTMENTS,Class 1,2,0,9976,1973,2012,1323380.523
4,HARLEM,02 TWO FAMILY DWELLINGS,Class 1,5,0,8754,1985,2023,861434.0551
4,UPPER EAST SIDE,21 OFFICE BUILDINGS,Class 1,4,4,32919,2018,2021,1214110.239
5,ASTORIA,02 TWO FAMILY DWELLINGS,Class 2,0,4,12084,1980,2011,804613.5864
1,BUSHWICK,01 ONE FAMILY DWELLINGS,Class 2,9,2,6465,1921,2024,1492842.216
1,ST. GEORGE,21 OFFICE BUILDINGS,Class 2,5,4,11964,1942,2020,1739169.367
5,HARLEM,21 OFFICE BUILDINGS,Class 2,7,3,12939,1982,2015,1047442.495
3,RIVERDALE,21 OFFICE BUILDINGS,Class 2,0,4,37989,1980,2012,1230695.037
3,RIVERDALE,13 CONDOS - ELEVATOR APARTMENTS,Class 1,1,3,41676,1987,2011,1456102.747
3,BUSHWICK,13 CONDOS - ELEVATOR APARTMENTS,Class 1,3,4,33463,1935,2024,1663375.842
5,HARLEM,21 OFFICE BUILDINGS,Class 2,1,4,28940,1995,2010,988681.5967
1,UPPER EAST SIDE,13 CONDOS - ELEVATOR APARTMENTS,Class 2,8,4,3773,2021,2023,1291024.539
5,UPPER EAST SIDE,02 TWO FAMILY DWELLINGS,Class 1,9,1,15830,2019,2017,1027792.292
5,ASTORIA,13 CONDOS - ELEVATOR APARTMENTS,Class 1,7,1,21994,2021,2010,1062660.882
3,ASTORIA,13 CONDOS - ELEVATOR APARTMENTS,Class 1,7,4,11386,2009,2021,1116777.281
2,UPPER EAST SIDE,21 OFFICE BUILDINGS,Class 2,3,3,3712,1951,2024,487128.5486
1,RIVERDALE,01 ONE FAMILY DWELLINGS,Class 1,4,2,36023,1935,2014,1740386.55
3,ST. GEORGE,01 ONE FAMILY DWELLINGS,Class 2,3,0,18405,1927,2020,868860.3734
2,RIVERDALE,01 ONE FAMILY DWELLINGS,Class 3,8,1,22558,1977,2015,1025878.27
2,ASTORIA,02 TWO FAMILY DWELLINGS,Class 1,1,4,1580,1957,2020,574697.2935
4,BUSHWICK,13 CONDOS - ELEVATOR APARTMENTS,Class 4,7,0,33175,1935,2021,1379017.448
1,UPPER EAST SIDE,01 ONE FAMILY DWELLINGS,Class 2,1,1,22507,1969,2021,1448389.155
2,ASTORIA,21 OFFICE BUILDINGS,Class 2,0,2,48769,1908,2012,827854.0021
3,ASTORIA,01 ONE FAMILY DWELLINGS,Class 2,9,3,17605,1920,2023,1386152.681
4,ST. GEORGE,01 ONE FAMILY DWELLINGS,Class 2,2,4,30779,1963,2016,1344981.231
1,UPPER EAST SIDE,13 CONDOS - ELEVATOR APARTMENTS,Class 2,8,2,47315,1975,2011,1885201.533
5,ST. GEORGE,13 CONDOS - ELEVATOR APARTMENTS,Class 2,2,1,18446,1960,2016,871388.5007
3,UPPER EAST SIDE,13 CONDOS - ELEVATOR APARTMENTS,Class 1,8,4,1139,2021,2011,1310908.045
2,ST. GEORGE,02 TWO FAMILY DWELLINGS,Class 1,6,0,13002,1993,2014,848344.3506
2,RIVERDALE,02 TWO FAMILY DWELLINGS,Class 1,9,3,38458,1994,2016,996591.8034
3,BUSHWICK,01 ONE FAMILY DWELLINGS,Class 1,0,1,28863,1939,2020,1116975.458
2,BUSHWICK,13 CONDOS - ELEVATOR APARTMENTS,Class 1,9,3,4236,1955,2020,887844.3663
4,UPPER EAST SIDE,01 ONE FAMILY DWELLINGS,Class 1,4,4,16973,1903,2023,1021593.2
1,HARLEM,21 OFFICE BUILDINGS,Class 2,8,2,34519,1930,2012,1835610.135
4,ASTORIA,21 OFFICE BUILDINGS,Class 4,2,3,42562,1926,2023,1230495.024
2,ASTORIA,13 CONDOS - ELEVATOR APARTMENTS,Class 4,8,0,21587,1957,2020,936268.003
5,UPPER EAST SIDE,13 CONDOS - ELEVATOR APARTMENTS,Class 2,4,1,28989,2020,2013,994971.2975
1,ST. GEORGE,21 OFFICE BUILDINGS,Class 2,8,0,37320,1924,2010,1749016.052
1,HARLEM,13 CONDOS - ELEVATOR APARTMENTS,Class 4,9,3,19825,1968,2012,1760635.782
3,RIVERDALE,02 TWO FAMILY DWELLINGS,Class 2,5,2,771,1969,2018,914287.5678
3,ST. GEORGE,02 TWO FAMILY DWELLINGS,Class 1,8,2,18914,1904,2019,1423321.815
5,ST. GEORGE,13 CONDOS - ELEVATOR APARTMENTS,Class 4,6,0,24720,2014,2014,955151.3095
1,UPPER EAST SIDE,21 OFFICE BUILDINGS,Class 2,6,4,44966,1990,2024,1854561.816
5,UPPER EAST SIDE,01 ONE FAMILY DWELLINGS,Class 2,7,4,49157,1907,2024,1455679.615
3,ASTORIA,13 CONDOS - ELEVATOR APARTMENTS,Class 1,6,2,42925,1908,2017,1314677.514
3,UPPER EAST SIDE,13 CONDOS - ELEVATOR APARTMENTS,Class 1,8,0,9887,1914,2011,1217907.711
1,UPPER EAST SIDE,01 ONE FAMILY DWELLINGS,Class 3,8,0,49644,1999,2012,1911379.043
4,UPPER EAST SIDE,13 CONDOS - ELEVATOR APARTMENTS,Class 2,5,0,11779,2020,2016,794259.7661
2,ASTORIA,01 ONE FAMILY DWELLINGS,Class 1,6,3,28084,2004,2023,1165847.369
3,RIVERDALE,21 OFFICE BUILDINGS,Class 1,1,4,45283,1906,2019,1102198.576
3,RIVERDALE,02 TWO FAMILY DWELLINGS,Class 2,8,4,40309,1995,2013,1240608.324
4,UPPER EAST SIDE,21 OFFICE BUILDINGS,Class 2,0,3,41976,1971,2018,1300748.337
4,ASTORIA,02 TWO FAMILY DWELLINGS,Class 1,0,1,11357,2010,2023,700352.2841
5,RIVERDALE,01 ONE FAMILY DWELLINGS,Class 4,2,3,42761,2014,2016,1041767.445
5,ST. GEORGE,02 TWO FAMILY DWELLINGS,Class 1,5,0,8552,1914,2023,778033.4699
2,RIVERDALE,21 OFFICE BUILDINGS,Class 1,4,3,17495,1936,2020,811581.0496
2,RIVERDALE,02 TWO FAMILY DWELLINGS,Class 2,1,0,14080,1982,2021,530977.8485
1,ASTORIA,01 ONE FAMILY DWELLINGS,Class 1,8,2,18740,1938,2010,1792312.438
5,ST. GEORGE,02 TWO FAMILY DWELLINGS,Class 3,9,0,18410,1905,2013,1072367.938
3,ASTORIA,13 CONDOS - ELEVATOR APARTMENTS,Class 2,3,4,10716,1982,2019,1228241.712
5,UPPER EAST SIDE,21 OFFICE BUILDINGS,Class 2,3,3,39497,1956,2020,1006201.527
3,BUSHWICK,13 CONDOS - ELEVATOR APARTMENTS,Class 1,4,0,46611,1991,2015,1310372.992
4,RIVERDALE,01 ONE FAMILY DWELLINGS,Class 1,7,1,25411,1980,2015,1111711.022
5,BUSHWICK,02 TWO FAMILY DWELLINGS,Class 1,9,2,35366,2005,2019,1319616.354
4,ASTORIA,13 CONDOS - ELEVATOR APARTMENTS,Class 2,3,1,15938,1918,2015,933434.4811
2,ASTORIA,13 CONDOS - ELEVATOR APARTMENTS,Class 2,4,1,8365,1962,2014,633952.6055
2,ASTORIA,02 TWO FAMILY DWELLINGS,Class 3,3,1,17057,1930,2012,731701.6317
1,BUSHWICK,02 TWO FAMILY DWELLINGS,Class 2,5,2,12711,1974,2011,1328616.13
5,ASTORIA,21 OFFICE BUILDINGS,Class 4,2,2,33768,1978,2012,1092576.893
4,UPPER EAST SIDE,13 CONDOS - ELEVATOR APARTMENTS,Class 2,7,2,4146,1909,2018,968657.453
3,ASTORIA,13 CONDOS - ELEVATOR APARTMENTS,Class 1,5,2,43316,2006,2012,1280922.97
2,HARLEM,01 ONE FAMILY DWELLINGS,Class 1,9,1,24424,1986,2012,884058.2516
2,BUSHWICK,21 OFFICE BUILDINGS,Class 2,4,4,44612,1966,2010,836174.3489
3,HARLEM,01 ONE FAMILY DWELLINGS,Class 1,1,4,10410,1961,2011,1110191.971
4,ASTORIA,13 CONDOS - ELEVATOR APARTMENTS,Class 1,9,2,2278,1902,2020,883739.3343
4,UPPER EAST SIDE,01 ONE FAMILY DWELLINGS,Class 2,9,3,46252,1917,2021,1221335.209
5,RIVERDALE,13 CONDOS - ELEVATOR APARTMENTS,Class 3,6,0,19941,1924,2012,1041219.802
5,ST. GEORGE,13 CONDOS - ELEVATOR APARTMENTS,Class 1,1,3,5690,2006,2011,714218.8041
1,ST. GEORGE,01 ONE FAMILY DWELLINGS,Class 2,0,3,15804,1919,2017,1223077.161
2,ASTORIA,01 ONE FAMILY DWELLINGS,Class 3,6,3,40265,1957,2015,1142556.724
5,UPPER EAST SIDE,02 TWO FAMILY DWELLINGS,Class 2,4,4,27789,1992,2016,865980.0179
4,BUSHWICK,02 TWO FAMILY DWELLINGS,Class 1,0,0,45288,1985,2010,1068742.27
3,HARLEM,02 TWO FAMILY DWELLINGS,Class 1,3,3,5247,1949,2015,1204089.129
4,HARLEM,13 CONDOS - ELEVATOR APARTMENTS,Class 2,3,2,9786,2020,2011,966631.2172
2,HARLEM,01 ONE FAMILY DWELLINGS,Class 2,9,4,545,1978,2022,689859.5453
4,BUSHWICK,21 OFFICE BUILDINGS,Class 4,6,2,30242,2002,2024,1104562.427
1,ST. GEORGE,13 CONDOS - ELEVATOR APARTMENTS,Class 2,8,2,8258,1909,2015,1786004.895
2,UPPER EAST SIDE,21 OFFICE BUILDINGS,Class 1,1,3,23937,1920,2012,649243.1033
3,BUSHWICK,01 ONE FAMILY DWELLINGS,Class 1,0,2,20085,2018,2016,1115393.124
1,HARLEM,13 CONDOS - ELEVATOR APARTMENTS,Class 2,1,0,33723,2015,2012,1439081.658
2,ASTORIA,21 OFFICE BUILDINGS,Class 1,6,2,10354,1928,2018,684805.595
3,RIVERDALE,21 OFFICE BUILDINGS,Class 1,9,3,17849,1995,2012,1611049.652
1,BUSHWICK,02 TWO FAMILY DWELLINGS,Class 2,5,2,31192,1909,2016,1726388.839
1,BUSHWICK,02 TWO FAMILY DWELLINGS,Class 1,3,4,21848,1912,2021,1720561.259
2,UPPER EAST SIDE,02 TWO FAMILY DWELLINGS,Class 1,0,4,34796,1946,2013,960782.7286
5,UPPER EAST SIDE,13 CONDOS - ELEVATOR APARTMENTS,Class 2,0,4,36244,1922,2017,993561.5044
1,BUSHWICK,01 ONE FAMILY DWELLINGS,Class 1,4,1,19955,1949,2023,1633848.564
1,HARLEM,01 ONE FAMILY DWELLINGS,Class 1,0,4,13788,1986,2011,1629842.547
3,RIVERDALE,02 TWO FAMILY DWELLINGS,Class 2,6,4,6887,1994,2017,1331576.945
4,UPPER EAST SIDE,02 TWO FAMILY DWELLINGS,Class 3,0,1,35789,1903,2018,1144873.935
2,HARLEM,02 TWO FAMILY DWELLINGS,Class 1,0,4,39793,2015,2022,828094.0436
2,ASTORIA,21 OFFICE BUILDINGS,Class 2,1,3,34394,2012,2017,914325.0355
5,UPPER EAST SIDE,02 TWO FAMILY DWELLINGS,Class 1,9,4,23516,1966,2015,1006834.331
5,HARLEM,21 OFFICE BUILDINGS,Class 2,2,4,46616,1984,2019,1037622.764
2,HARLEM,01 ONE FAMILY DWELLINGS,Class 4,0,1,40984,1952,2010,836415.7219
5,RIVERDALE,13 CONDOS - ELEVATOR APARTMENTS,Class 2,8,3,30715,1901,2016,1339208.097
3,RIVERDALE,13 CONDOS - ELEVATOR APARTMENTS,Class 3,9,2,16602,1967,2010,1274445.698
2,ASTORIA,13 CONDOS - ELEVATOR APARTMENTS,Class 1,7,0,3904,1964,2016,693522.1169
5,HARLEM,13 CONDOS - ELEVATOR APARTMENTS,Class 1,4,3,37760,1978,2023,1229148.122
2,ST. GEORGE,21 OFFICE BUILDINGS,Class 4,1,2,35611,1956,2011,776465.3042
4,HARLEM,21 OFFICE BUILDINGS,Class 1,4,3,606,1996,2017,898389.1041
1,RIVERDALE,02 TWO FAMILY DWELLINGS,Class 1,5,2,15695,1969,2011,1621445.77
2,ST. GEORGE,21 OFFICE BUILDINGS,Class 2,0,2,46509,1906,2012,901266.7794
1,UPPER EAST SIDE,02 TWO FAMILY DWELLINGS,Class 3,3,3,27653,1918,2022,1663948.728
5,UPPER EAST SIDE,02 TWO FAMILY DWELLINGS,Class 4,8,1,30105,1943,2021,805842.3356
1,BUSHWICK,13 CONDOS - ELEVATOR APARTMENTS,Class 1,1,3,45843,1962,2012,1806764.741
2,RIVERDALE,21 OFFICE BUILDINGS,Class 4,4,3,38069,1964,2010,961875.1044
4,BUSHWICK,21 OFFICE BUILDINGS,Class 1,0,2,6080,1938,2014,794122.9834
5,ST. GEORGE,02 TWO FAMILY DWELLINGS,Class 1,3,0,49866,1982,2014,1124263.304
2,RIVERDALE,02 TWO FAMILY DWELLINGS,Class 2,3,2,5900,2008,2019,689563.8553
5,ASTORIA,01 ONE FAMILY DWELLINGS,Class 1,5,4,40143,1925,2014,1299268.856
3,HARLEM,01 ONE FAMILY DWELLINGS,Class 1,9,3,31149,1943,2023,1225766.329
1,ASTORIA,02 TWO FAMILY DWELLINGS,Class 2,8,3,30996,1911,2022,1698907.071
3,ST. GEORGE,01 ONE FAMILY DWELLINGS,Class 1,2,1,21137,1921,2018,944824.2635
2,RIVERDALE,01 ONE FAMILY DWELLINGS,Class 1,8,2,41924,1976,2015,1060390.397
4,ST. GEORGE,02 TWO FAMILY DWELLINGS,Class 1,5,1,39515,1991,2015,1130865.302
5,HARLEM,02 TWO FAMILY DWELLINGS,Class 2,6,3,6677,1913,2012,767273.8793
1,UPPER EAST SIDE,21 OFFICE BUILDINGS,Class 2,9,2,7769,1985,2014,1448052.741
5,UPPER EAST SIDE,02 TWO FAMILY DWELLINGS,Class 2,1,2,15474,1929,2019,952158.0161
2,ST. GEORGE,02 TWO FAMILY DWELLINGS,Class 2,9,4,14537,1943,2016,1077629.812
5,BUSHWICK,13 CONDOS - ELEVATOR APARTMENTS,Class 2,5,4,19256,1983,2012,934150.422
1,RIVERDALE,21 OFFICE BUILDINGS,Class 3,5,0,16667,2007,2011,1397266.196
2,RIVERDALE,21 OFFICE BUILDINGS,Class 1,1,4,23718,1990,2014,836478.5111
5,UPPER EAST SIDE,21 OFFICE BUILDINGS,Class 1,1,2,25667,1937,2012,882718.8642
4,ASTORIA,13 CONDOS - ELEVATOR APARTMENTS,Class 3,1,4,43648,1958,2014,1231397.18
2,HARLEM,02 TWO FAMILY DWELLINGS,Class 1,9,0,7117,1941,2018,807550.8202
2,ASTORIA,21 OFFICE BUILDINGS,Class 4,0,3,22034,1951,2020,700073.4044
4,ASTORIA,21 OFFICE BUILDINGS,Class 2,4,4,25959,1962,2019,1057791.768
3,ST. GEORGE,01 ONE FAMILY DWELLINGS,Class 2,7,2,21042,1960,2010,1259521.962
1,UPPER EAST SIDE,21 OFFICE BUILDINGS,Class 2,1,3,803,2019,2013,1411483.291
3,UPPER EAST SIDE,02 TWO FAMILY DWELLINGS,Class 2,4,2,30256,2004,2019,974936.5672
5,UPPER EAST SIDE,02 TWO FAMILY DWELLINGS,Class 1,7,3,13183,1933,2024,805926.3817
4,ST. GEORGE,01 ONE FAMILY DWELLINGS,Class 2,9,2,49985,1938,2014,1625862.809
3,BUSHWICK,21 OFFICE BUILDINGS,Class 2,4,4,33195,1940,2011,1343085.824
2,ASTORIA,21 OFFICE BUILDINGS,Class 4,1,4,11525,2020,2021,896302.6726
5,ST. GEORGE,21 OFFICE BUILDINGS,Class 1,2,0,21390,2007,2011,1083441.543
5,RIVERDALE,13 CONDOS - ELEVATOR APARTMENTS,Class 1,5,3,19215,1936,2010,1057619.227
3,HARLEM,21 OFFICE BUILDINGS,Class 1,4,0,5061,1964,2023,873695.6141
3,BUSHWICK,02 TWO FAMILY DWELLINGS,Class 2,3,1,33347,2017,2017,1080426.952
4,RIVERDALE,02 TWO FAMILY DWELLINGS,Class 4,3,4,37031,1978,2011,1140260.502
1,ASTORIA,13 CONDOS - ELEVATOR APARTMENTS,Class 1,4,3,27907,1931,2012,1558360.671
3,UPPER EAST SIDE,13 CONDOS - ELEVATOR APARTMENTS,Class 2,1,0,22080,1907,2024,1293893.942
3,ASTORIA,21 OFFICE BUILDINGS,Class 1,8,0,10669,1996,2021,1131177.328
2,ST. GEORGE,01 ONE FAMILY DWELLINGS,Class 2,1,1,17616,1917,2011,653494.8797
5,HARLEM,13 CONDOS - ELEVATOR APARTMENTS,Class 4,9,0,37244,1944,2013,1337182.117
1,ST. GEORGE,13 CONDOS - ELEVATOR APARTMENTS,Class 1,1,2,22543,1992,2023,1458099.019
2,BUSHWICK,21 OFFICE BUILDINGS,Class 2,9,4,2624,1995,2010,985289.6479
4,BUSHWICK,21 OFFICE BUILDINGS,Class 4,8,0,39920,1932,2012,1164940.181
4,HARLEM,13 CONDOS - ELEVATOR APARTMENTS,Class 4,2,0,38551,1904,2014,1149716.456
3,RIVERDALE,01 ONE FAMILY DWELLINGS,Class 2,9,1,7676,1981,2019,1230999.716
3,RIVERDALE,13 CONDOS - ELEVATOR APARTMENTS,Class 2,6,2,26274,2011,2010,1038232.283
4,BUSHWICK,21 OFFICE BUILDINGS,Class 1,3,0,19176,2021,2013,1021580.8
3,BUSHWICK,21 OFFICE BUILDINGS,Class 2,5,4,45677,1973,2015,1209053.921
1,UPPER EAST SIDE,13 CONDOS - ELEVATOR APARTMENTS,Class 3,3,4,25260,1935,2024,1606012.125
3,RIVERDALE,01 ONE FAMILY DWELLINGS,Class 2,9,0,45587,1996,2013,1564850.576
5,HARLEM,13 CONDOS - ELEVATOR APARTMENTS,Class 1,6,2,1497,1922,2016,856473.688
3,RIVERDALE,13 CONDOS - ELEVATOR APARTMENTS,Class 1,0,4,44269,1939,2023,1263608.175
2,UPPER EAST SIDE,21 OFFICE BUILDINGS,Class 1,2,4,37932,1904,2016,755997.6687
1,ST. GEORGE,01 ONE FAMILY DWELLINGS,Class 1,2,2,13617,1933,2015,1437296.438
2,BUSHWICK,02 TWO FAMILY DWELLINGS,Class 1,0,2,11731,1923,2018,665493.7239
2,BUSHWICK,01 ONE FAMILY DWELLINGS,Class 2,5,0,30251,1916,2011,880293.5296
5,UPPER EAST SIDE,13 CONDOS - ELEVATOR APARTMENTS,Class 1,8,3,7940,1994,2022,867781.2823
1,HARLEM,13 CONDOS - ELEVATOR APARTMENTS,Class 1,7,1,20411,1970,2019,1374205.432
1,BUSHWICK,13 CONDOS - ELEVATOR APARTMENTS,Class 2,6,3,44486,1980,2017,1526305.725
1,ASTORIA,01 ONE FAMILY DWELLINGS,Class 1,9,3,16108,1991,2017,1755825.619
1,BUSHWICK,21 OFFICE BUILDINGS,Class 1,7,4,30165,2001,2020,1998537.7
1,ASTORIA,13 CONDOS - ELEVATOR APARTMENTS,Class 1,5,2,27657,1921,2019,1801195.55
5,UPPER EAST SIDE,13 CONDOS - ELEVATOR APARTMENTS,Class 1,8,4,29279,1914,2023,1386705.207
3,UPPER EAST SIDE,01 ONE FAMILY DWELLINGS,Class 2,2,1,30468,2000,2023,855282.4662
2,BUSHWICK,02 TWO FAMILY DWELLINGS,Class 1,9,0,27887,1914,2020,818822.4754
1,RIVERDALE,02 TWO FAMILY DWELLINGS,Class 2,9,1,4590,2013,2013,1584255.446
3,ASTORIA,21 OFFICE BUILDINGS,Class 4,8,4,25445,2013,2015,1177783.85
3,HARLEM,21 OFFICE BUILDINGS,Class 2,3,4,40739,1924,2020,1503139.194
2,BUSHWICK,13 CONDOS - ELEVATOR APARTMENTS,Class 2,6,4,4243,1952,2015,708907.9254
5,HARLEM,01 ONE FAMILY DWELLINGS,Class 4,8,4,31424,1920,2014,1324500.922
4,BUSHWICK,13 CONDOS - ELEVATOR APARTMENTS,Class 2,1,3,10696,2018,2023,785340.5756
4,RIVERDALE,21 OFFICE BUILDINGS,Class 1,1,0,26779,2001,2010,860303.0976
3,RIVERDALE,01 ONE FAMILY DWELLINGS,Class 1,8,3,40276,1965,2012,1276980.704
2,RIVERDALE,01 ONE FAMILY DWELLINGS,Class 4,2,4,3824,1990,2016,704919.2196
4,ST. GEORGE,21 OFFICE BUILDINGS,Class 1,8,2,41900,2012,2017,1210295.7
3,RIVERDALE,02 TWO FAMILY DWELLINGS,Class 1,4,3,20141,1931,2011,1110314.305
5,UPPER EAST SIDE,02 TWO FAMILY DWELLINGS,Class 2,5,4,27982,1920,2012,895791.7438
4,UPPER EAST SIDE,01 ONE FAMILY DWELLINGS,Class 3,1,4,33494,1967,2013,939246.6468
3,ST. GEORGE,13 CONDOS - ELEVATOR APARTMENTS,Class 1,7,0,15363,1943,2023,1132512.138
3,ASTORIA,02 TWO FAMILY DWELLINGS,Class 2,8,1,49295,1982,2020,1827260.61
1,HARLEM,13 CONDOS - ELEVATOR APARTMENTS,Class 1,1,3,37986,1965,2014,1659535.803
5,BUSHWICK,02 TWO FAMILY DWELLINGS,Class 2,5,3,38940,1989,2012,960156.6086
1,BUSHWICK,02 TWO FAMILY DWELLINGS,Class 1,5,3,24611,1997,2014,1477469.433
2,ST. GEORGE,13 CONDOS - ELEVATOR APARTMENTS,Class 1,7,4,48530,1913,2017,1261798.298
1,UPPER EAST SIDE,21 OFFICE BUILDINGS,Class 3,9,0,3699,1914,2017,1388167.908
1,BUSHWICK,02 TWO FAMILY DWELLINGS,Class 2,4,4,38538,1919,2023,1619038.571
4,UPPER EAST SIDE,02 TWO FAMILY DWELLINGS,Class 2,8,4,46018,1933,2011,1404992.222
3,ASTORIA,13 CONDOS - ELEVATOR APARTMENTS,Class 2,0,2,8397,1935,2015,966568.0105
5,HARLEM,21 OFFICE BUILDINGS,Class 1,8,0,41932,1982,2013,1082550.272
1,ASTORIA,02 TWO FAMILY DWELLINGS,Class 2,9,3,15392,1908,2018,1642701.57
5,ST. GEORGE,02 TWO FAMILY DWELLINGS,Class 1,6,1,8771,1970,2019,704180.8543
1,RIVERDALE,21 OFFICE BUILDINGS,Class 1,3,3,38426,1929,2011,1722307.654
2,RIVERDALE,02 TWO FAMILY DWELLINGS,Class 1,2,4,25315,1976,2017,816921.4253
1,RIVERDALE,21 OFFICE BUILDINGS,Class 2,9,0,46112,1990,2010,2043659.287
4,ASTORIA,21 OFFICE BUILDINGS,Class 4,5,0,33857,1962,2020,1071492.188
3,BUSHWICK,13 CONDOS - ELEVATOR APARTMENTS,Class 4,0,0,10052,2007,2015,1029254.597
2,HARLEM,01 ONE FAMILY DWELLINGS,Class 2,2,2,16767,1934,2020,848563.2367
1,RIVERDALE,21 OFFICE BUILDINGS,Class 1,1,3,18768,1912,2020,1494790.191
5,ST. GEORGE,13 CONDOS - ELEVATOR APARTMENTS,Class 2,8,2,49427,1978,2023,1544533.189
2,ST. GEORGE,01 ONE FAMILY DWELLINGS,Class 3,2,1,14763,1945,2021,801481.1814
2,RIVERDALE,02 TWO FAMILY DWELLINGS,Class 1,1,4,5899,1955,2019,443799.5708
1,RIVERDALE,01 ONE FAMILY DWELLINGS,Class 4,3,2,30311,1908,2022,1589332.312
2,HARLEM,21 OFFICE BUILDINGS,Class 1,1,2,29506,2008,2010,1016484.96
5,RIVERDALE,21 OFFICE BUILDINGS,Class 4,0,4,41771,1986,2011,1223191.126
2,HARLEM,21 OFFICE BUILDINGS,Class 3,5,0,1576,2017,2012,875940.4233
5,ST. GEORGE,21 OFFICE BUILDINGS,Class 3,9,4,7735,1935,2018,947012.4093
1,RIVERDALE,21 OFFICE BUILDINGS,Class 1,7,3,23721,2016,2014,1737271.135
3,ASTORIA,13 CONDOS - ELEVATOR APARTMENTS,Class 1,9,4,16917,2003,2019,1475400.374
2,ASTORIA,21 OFFICE BUILDINGS,Class 1,9,0,33039,1902,2019,932579.7162
3,ST. GEORGE,13 CONDOS - ELEVATOR APARTMENTS,Class 1,1,4,35109,1997,2021,1187320.715
5,HARLEM,02 TWO FAMILY DWELLINGS,Class 1,8,2,37749,1918,2011,1216206.743
2,ASTORIA,21 OFFICE BUILDINGS,Class 2,2,1,34402,1927,2019,738059.4109
4,HARLEM,21 OFFICE BUILDINGS,Class 2,7,2,24145,1922,2014,1221544.603
3,ASTORIA,01 ONE FAMILY DWELLINGS,Class 2,7,1,22182,2003,2014,1238752.812
2,ASTORIA,02 TWO FAMILY DWELLINGS,Class 2,2,4,46407,2012,2010,919391.0804
3,HARLEM,21 OFFICE BUILDINGS,Class 1,2,3,23901,2008,2012,1257722.53
2,BUSHWICK,21 OFFICE BUILDINGS,Class 4,5,4,8271,1906,2014,895427.6307
1,ASTORIA,02 TWO FAMILY DWELLINGS,Class 1,0,0,41835,2004,2018,1325461.738
3,RIVERDALE,13 CONDOS - ELEVATOR APARTMENTS,Class 2,3,4,9415,1975,2019,1024493.786
4,ST. GEORGE,21 OFFICE BUILDINGS,Class 2,0,1,14398,1913,2010,917610.2626
4,BUSHWICK,01 ONE FAMILY DWELLINGS,Class 3,2,2,2413,1945,2017,707020.6144
5,HARLEM,21 OFFICE BUILDINGS,Class 1,8,3,37565,1914,2010,1277910.487
2,BUSHWICK,01 ONE FAMILY DWELLINGS,Class 2,4,4,27568,1966,2018,1087586.12
3,UPPER EAST SIDE,01 ONE FAMILY DWELLINGS,Class 2,4,4,2442,1914,2015,989605.6736
5,UPPER EAST SIDE,21 OFFICE BUILDINGS,Class 1,3,2,20888,1950,2010,911756.0487
3,ASTORIA,21 OFFICE BUILDINGS,Class 2,2,3,18215,1987,2017,1062883.487
2,ASTORIA,01 ONE FAMILY DWELLINGS,Class 4,4,4,837,2015,2014,709876.0393
4,RIVERDALE,02 TWO FAMILY DWELLINGS,Class 4,3,4,47524,2009,2016,1377505.335
1,ST. GEORGE,02 TWO FAMILY DWELLINGS,Class 1,7,1,23950,1907,2016,1547379.099
4,BUSHWICK,21 OFFICE BUILDINGS,Class 1,3,1,10557,1968,2024,1062539.68
5,UPPER EAST SIDE,13 CONDOS - ELEVATOR APARTMENTS,Class 1,7,0,28213,1961,2016,995971.5972
1,ASTORIA,02 TWO FAMILY DWELLINGS,Class 1,5,2,9483,1950,2015,1255793.564
5,ST. GEORGE,21 OFFICE BUILDINGS,Class 1,4,3,20495,1962,2020,1092203.719
2,BUSHWICK,02 TWO FAMILY DWELLINGS,Class 1,3,4,49551,1967,2017,1066132.067
1,ASTORIA,13 CONDOS - ELEVATOR APARTMENTS,Class 4,3,4,36968,1977,2018,1626025.408
5,ASTORIA,21 OFFICE BUILDINGS,Class 4,3,0,26592,1915,2021,722959.3554
2,UPPER EAST SIDE,13 CONDOS - ELEVATOR APARTMENTS,Class 1,8,4,12645,1983,2024,1038170.708
4,UPPER EAST SIDE,21 OFFICE BUILDINGS,Class 1,3,2,39386,1923,2011,1250900.036
2,ASTORIA,13 CONDOS - ELEVATOR APARTMENTS,Class 2,8,0,23989,1905,2016,918549.5485
3,HARLEM,02 TWO FAMILY DWELLINGS,Class 1,9,2,31536,2018,2024,1118391.529
2,ASTORIA,02 TWO FAMILY DWELLINGS,Class 2,5,0,30113,1956,2011,793028.7214
2,ST. GEORGE,13 CONDOS - ELEVATOR APARTMENTS,Class 2,9,4,28984,1930,2015,1144252.047
3,ASTORIA,13 CONDOS - ELEVATOR APARTMENTS,Class 4,6,0,3173,1905,2011,916015.9948
5,RIVERDALE,13 CONDOS - ELEVATOR APARTMENTS,Class 2,9,1,35390,1998,2019,1271554.616
5,RIVERDALE,21 OFFICE BUILDINGS,Class 2,2,3,12477,1978,2015,788386.6624
2,RIVERDALE,02 TWO FAMILY DWELLINGS,Class 2,7,4,23966,1928,2011,1230608.899
3,HARLEM,21 OFFICE BUILDINGS,Class 1,2,3,41518,1966,2010,1331872.532
3,HARLEM,02 TWO FAMILY DWELLINGS,Class 2,0,4,27509,1974,2016,1108803.968
4,ASTORIA,01 ONE FAMILY DWELLINGS,Class 2,9,3,4188,1902,2012,1047096.535
5,RIVERDALE,21 OFFICE BUILDINGS,Class 1,4,1,4248,1927,2023,818711.8591
1,HARLEM,02 TWO FAMILY DWELLINGS,Class 1,1,3,39610,1973,2021,1694000.452
5,UPPER EAST SIDE,02 TWO FAMILY DWELLINGS,Class 1,9,0,49543,2013,2023,1016733.122
5,ASTORIA,21 OFFICE BUILDINGS,Class 4,5,3,14165,1996,2022,830663.518
4,ST. GEORGE,21 OFFICE BUILDINGS,Class 1,9,4,37398,1947,2013,1163706.803
1,BUSHWICK,02 TWO FAMILY DWELLINGS,Class 1,8,2,21141,1979,2022,1690514.502
4,ASTORIA,21 OFFICE BUILDINGS,Class 1,0,3,33000,1909,2015,1044825.565
1,BUSHWICK,13 CONDOS - ELEVATOR APARTMENTS,Class 2,3,3,36297,1932,2014,1711659.194
2,RIVERDALE,21 OFFICE BUILDINGS,Class 1,0,3,19730,1999,2013,589363.8041
1,BUSHWICK,21 OFFICE BUILDINGS,Class 4,0,4,46450,1966,2018,1965102.922
4,RIVERDALE,21 OFFICE BUILDINGS,Class 4,7,3,25546,1968,2015,1370155.807
5,UPPER EAST SIDE,02 TWO FAMILY DWELLINGS,Class 2,1,4,37303,1911,2015,931327.2147
1,BUSHWICK,13 CONDOS - ELEVATOR APARTMENTS,Class 2,0,4,48395,1956,2011,1733599.669
1,ASTORIA,01 ONE FAMILY DWELLINGS,Class 1,7,2,36167,1943,2015,1882028.776
3,RIVERDALE,01 ONE FAMILY DWELLINGS,Class 1,3,0,10138,1912,2016,939529.3501
5,ASTORIA,13 CONDOS - ELEVATOR APARTMENTS,Class 2,2,4,21327,1923,2017,1140852.828
2,HARLEM,13 CONDOS - ELEVATOR APARTMENTS,Class 1,3,1,21673,1943,2024,816020.9591
4,RIVERDALE,13 CONDOS - ELEVATOR APARTMENTS,Class 1,4,3,13722,1956,2023,1190943.961
2,BUSHWICK,02 TWO FAMILY DWELLINGS,Class 2,0,1,37510,1995,2017,993225.1792
5,RIVERDALE,01 ONE FAMILY DWELLINGS,Class 1,0,3,18595,1915,2018,770171.183
1,ASTORIA,13 CONDOS - ELEVATOR APARTMENTS,Class 4,2,2,1939,1995,2019,1570088.289
1,UPPER EAST SIDE,02 TWO FAMILY DWELLINGS,Class 1,5,4,38881,2008,2020,1791488.34
5,RIVERDALE,01 ONE FAMILY DWELLINGS,Class 2,0,0,20514,2000,2022,640515.1319
1,BUSHWICK,21 OFFICE BUILDINGS,Class 2,1,4,5875,2019,2021,1533096.958
1,HARLEM,02 TWO FAMILY DWELLINGS,Class 2,6,3,23987,1999,2012,1486239.268
1,ST. GEORGE,01 ONE FAMILY DWELLINGS,Class 1,0,0,42145,1920,2019,1526285.554
4,UPPER EAST SIDE,02 TWO FAMILY DWELLINGS,Class 2,6,4,26202,2010,2024,1260392.779
4,HARLEM,01 ONE FAMILY DWELLINGS,Class 4,3,0,21100,1975,2016,1046752.575
3,RIVERDALE,01 ONE FAMILY DWELLINGS,Class 2,9,3,2966,1950,2016,1416861.146
2,ASTORIA,21 OFFICE BUILDINGS,Class 1,5,2,41092,1920,2010,966859.4843
5,ASTORIA,02 TWO FAMILY DWELLINGS,Class 2,7,2,45597,1959,2017,1151363.09
5,BUSHWICK,13 CONDOS - ELEVATOR APARTMENTS,Class 2,8,4,44898,1950,2024,1185161.613
5,ASTORIA,21 OFFICE BUILDINGS,Class 2,5,1,47471,1920,2013,1036089.965
3,UPPER EAST SIDE,21 OFFICE BUILDINGS,Class 4,8,3,7428,2006,2014,1329904.763
4,ASTORIA,01 ONE FAMILY DWELLINGS,Class 1,3,4,22980,2016,2023,1178546.171
3,BUSHWICK,13 CONDOS - ELEVATOR APARTMENTS,Class 2,5,4,9611,1905,2015,1254937.154
5,ST. GEORGE,02 TWO FAMILY DWELLINGS,Class 2,7,2,41388,1972,2012,1354598.298
2,RIVERDALE,13 CONDOS - ELEVATOR APARTMENTS,Class 2,8,0,29989,1964,2014,1100090.106
1,RIVERDALE,13 CONDOS - ELEVATOR APARTMENTS,Class 4,2,3,44332,1975,2019,1581184.694
4,ASTORIA,13 CONDOS - ELEVATOR APARTMENTS,Class 4,1,0,9904,1957,2014,812202.5833
4,HARLEM,13 CONDOS - ELEVATOR APARTMENTS,Class 2,5,3,34139,1977,2010,1386314.758
3,RIVERDALE,13 CONDOS - ELEVATOR APARTMENTS,Class 1,3,1,13082,1905,2012,967000.1088
4,ST. GEORGE,01 ONE FAMILY DWELLINGS,Class 1,0,2,1363,1964,2012,678195.0497
5,ASTORIA,01 ONE FAMILY DWELLINGS,Class 2,7,1,48151,1985,2010,1246604.499
5,BUSHWICK,21 OFFICE BUILDINGS,Class 4,8,4,45413,1933,2022,1087450.482
3,ST. GEORGE,01 ONE FAMILY DWELLINGS,Class 1,8,2,28184,1955,2016,1256501.575
5,ASTORIA,21 OFFICE BUILDINGS,Class 1,1,4,3555,1974,2010,590671.7169
2,ST. GEORGE,21 OFFICE BUILDINGS,Class 1,8,1,12686,1902,2016,628801.9504
3,RIVERDALE,02 TWO FAMILY DWELLINGS,Class 3,6,3,3182,1941,2013,1090996.832
2,BUSHWICK,13 CONDOS - ELEVATOR APARTMENTS,Class 1,4,4,46150,1961,2018,1104355.669
1,ASTORIA,01 ONE FAMILY DWELLINGS,Class 2,6,0,38546,1905,2016,1531594.741
2,UPPER EAST SIDE,02 TWO FAMILY DWELLINGS,Class 2,8,3,47073,1905,2014,1203869.31
1,BUSHWICK,01 ONE FAMILY DWELLINGS,Class 3,7,3,22332,1962,2016,1570562.951
1,UPPER EAST SIDE,21 OFFICE BUILDINGS,Class 2,5,1,17497,1919,2018,1537714.639
2,ST. GEORGE,01 ONE FAMILY DWELLINGS,Class 2,3,1,35140,1920,2019,547616.9381
3,HARLEM,13 CONDOS - ELEVATOR APARTMENTS,Class 1,0,2,11846,1901,2015,1064721.397
5,BUSHWICK,21 OFFICE BUILDINGS,Class 2,5,2,40991,1989,2010,1105376.524
5,ST. GEORGE,21 OFFICE BUILDINGS,Class 2,2,0,47139,1994,2015,1046547.631
1,UPPER EAST SIDE,02 TWO FAMILY DWELLINGS,Class 4,5,3,49214,1989,2010,2038233.771
1,RIVERDALE,13 CONDOS - ELEVATOR APARTMENTS,Class 1,5,0,7689,1955,2022,1512543.541
3,RIVERDALE,21 OFFICE BUILDINGS,Class 1,3,0,46020,1995,2021,1415453.16
4,HARLEM,13 CONDOS - ELEVATOR APARTMENTS,Class 1,1,1,44833,1909,2013,913661.422
2,BUSHWICK,01 ONE FAMILY DWELLINGS,Class 1,8,0,22270,1986,2023,944374.4799
1,BUSHWICK,13 CONDOS - ELEVATOR APARTMENTS,Class 3,1,0,40210,2021,2017,1597590.108
5,BUSHWICK,21 OFFICE BUILDINGS,Class 1,2,4,47998,1969,2014,1180689.389
3,ST. GEORGE,02 TWO FAMILY DWELLINGS,Class 2,9,2,44651,1922,2024,1373908.119
2,HARLEM,21 OFFICE BUILDINGS,Class 1,0,2,744,1991,2014,619505.4391
3,BUSHWICK,13 CONDOS - ELEVATOR APARTMENTS,Class 1,6,3,33288,2012,2022,1396795.319
2,ST. GEORGE,13 CONDOS - ELEVATOR APARTMENTS,Class 2,0,2,30305,1929,2019,771880.158
2,RIVERDALE,21 OFFICE BUILDINGS,Class 1,8,3,14417,1977,2020,727111.1407
1,UPPER EAST SIDE,13 CONDOS - ELEVATOR APARTMENTS,Class 1,0,4,46989,1936,2017,1681403.647
3,ST. GEORGE,01 ONE FAMILY DWELLINGS,Class 2,4,2,6267,1954,2017,1054806.314
3,RIVERDALE,21 OFFICE BUILDINGS,Class 2,6,4,28890,1995,2010,1372737.253
5,RIVERDALE,02 TWO FAMILY DWELLINGS,Class 1,2,2,10747,1948,2022,795286.0491
5,UPPER EAST SIDE,21 OFFICE BUILDINGS,Class 4,8,2,4015,1933,2022,702905.0303
1,RIVERDALE,01 ONE FAMILY DWELLINGS,Class 2,7,4,35178,2004,2014,2005437.859
1,HARLEM,01 ONE FAMILY DWELLINGS,Class 2,2,0,22766,1943,2021,1260667.768
4,UPPER EAST SIDE,01 ONE FAMILY DWELLINGS,Class 1,4,0,11250,2014,2014,846587.3469
5,RIVERDALE,01 ONE FAMILY DWELLINGS,Class 1,6,0,30083,1921,2017,1111563.765
2,ASTORIA,01 ONE FAMILY DWELLINGS,Class 1,3,0,8576,1930,2010,708282.0358
3,ST. GEORGE,02 TWO FAMILY DWELLINGS,Class 1,4,2,18506,1906,2016,1116987.156
1,RIVERDALE,13 CONDOS - ELEVATOR APARTMENTS,Class 2,2,1,15551,2004,2016,1435465.079
3,HARLEM,01 ONE FAMILY DWELLINGS,Class 4,8,4,4814,1920,2022,1536032.949
3,BUSHWICK,01 ONE FAMILY DWELLINGS,Class 2,9,1,29170,1915,2018,1234076.529
4,RIVERDALE,21 OFFICE BUILDINGS,Class 1,8,1,35721,1919,2011,1426449.28
5,BUSHWICK,02 TWO FAMILY DWELLINGS,Class 2,6,3,2515,1942,2024,950995.3916
1,ASTORIA,02 TWO FAMILY DWELLINGS,Class 1,9,0,10736,1943,2012,1536767.951
3,RIVERDALE,13 CONDOS - ELEVATOR APARTMENTS,Class 2,1,2,36068,1946,2013,1026045.883
1,UPPER EAST SIDE,02 TWO FAMILY DWELLINGS,Class 2,6,0,42291,2013,2010,1536120.216
2,BUSHWICK,21 OFFICE BUILDINGS,Class 2,6,0,45152,1918,2024,870376.1107
4,ASTORIA,21 OFFICE BUILDINGS,Class 4,4,1,26867,1947,2016,1146840.225
2,UPPER EAST SIDE,13 CONDOS - ELEVATOR APARTMENTS,Class 1,8,3,16852,1995,2023,1004386.325
1,UPPER EAST SIDE,21 OFFICE BUILDINGS,Class 2,2,0,46150,1978,2019,1469722.915
1,UPPER EAST SIDE,01 ONE FAMILY DWELLINGS,Class 4,3,4,10846,1968,2012,1596666.135
5,UPPER EAST SIDE,01 ONE FAMILY DWELLINGS,Class 2,0,4,25656,1910,2012,928533.1285
3,RIVERDALE,21 OFFICE BUILDINGS,Class 2,5,0,14535,1978,2012,925461.0188
3,ST. GEORGE,13 CONDOS - ELEVATOR APARTMENTS,Class 4,3,1,16608,1928,2017,1119008.438
2,RIVERDALE,02 TWO FAMILY DWELLINGS,Class 1,0,1,3353,2013,2018,537991.3017
4,RIVERDALE,13 CONDOS - ELEVATOR APARTMENTS,Class 4,1,2,19120,1944,2019,730310.4063
3,ASTORIA,02 TWO FAMILY DWELLINGS,Class 1,2,3,4676,1967,2022,900879.2155
5,ASTORIA,21 OFFICE BUILDINGS,Class 2,8,1,35423,2012,2023,1031540.282
2,ST. GEORGE,21 OFFICE BUILDINGS,Class 4,7,2,26420,1935,2011,638836.6092
2,ASTORIA,01 ONE FAMILY DWELLINGS,Class 1,6,4,7329,1947,2019,730207.7411
5,HARLEM,02 TWO FAMILY DWELLINGS,Class 2,3,4,35154,1986,2024,1180095.425
4,ST. GEORGE,13 CONDOS - ELEVATOR APARTMENTS,Class 1,0,4,39739,1914,2019,961042.2588
5,ASTORIA,21 OFFICE BUILDINGS,Class 4,7,0,25630,2009,2010,1098423.349
4,ST. GEORGE,13 CONDOS - ELEVATOR APARTMENTS,Class 3,3,3,45857,1943,2023,1081381.565
5,RIVERDALE,01 ONE FAMILY DWELLINGS,Class 2,2,2,8891,1966,2018,961651.1876
5,RIVERDALE,02 TWO FAMILY DWELLINGS,Class 2,8,3,19824,1995,2015,1090389.68
1,ST. GEORGE,02 TWO FAMILY DWELLINGS,Class 3,9,0,46618,1973,2023,1823321.383
2,HARLEM,21 OFFICE BUILDINGS,Class 1,3,2,41167,1939,2024,835312.431
5,HARLEM,02 TWO FAMILY DWELLINGS,Class 2,3,2,806,2001,2018,764173.9416
5,ST. GEORGE,21 OFFICE BUILDINGS,Class 2,8,1,36343,1985,2015,895017.2641
3,ASTORIA,01 ONE FAMILY DWELLINGS,Class 1,1,3,31043,1913,2011,930062.7933
2,BUSHWICK,02 TWO FAMILY DWELLINGS,Class 1,4,3,7744,1962,2010,637267.2466
3,HARLEM,21 OFFICE BUILDINGS,Class 1,3,1,7111,1980,2023,982593.3993
2,UPPER EAST SIDE,13 CONDOS - ELEVATOR APARTMENTS,Class 1,8,4,23206,1984,2017,995452.4246
3,RIVERDALE,21 OFFICE BUILDINGS,Class 4,4,0,19576,1950,2012,1182260.656
5,ST. GEORGE,02 TWO FAMILY DWELLINGS,Class 2,8,3,47402,2011,2010,1497144.054
5,UPPER EAST SIDE,01 ONE FAMILY DWELLINGS,Class 2,8,1,33543,1978,2024,864675.1466
1,ST. GEORGE,02 TWO FAMILY DWELLINGS,Class 1,1,2,5771,1957,2017,1281998.698
3,RIVERDALE,02 TWO FAMILY DWELLINGS,Class 1,8,1,7831,1914,2021,1111000.174
4,RIVERDALE,21 OFFICE BUILDINGS,Class 1,2,4,12053,1964,2010,946277.271
1,HARLEM,13 CONDOS - ELEVATOR APARTMENTS,Class 2,3,0,31840,1987,2017,1403645.786
3,HARLEM,02 TWO FAMILY DWELLINGS,Class 2,0,4,12073,1954,2010,1137080.28
3,UPPER EAST SIDE,13 CONDOS - ELEVATOR APARTMENTS,Class 4,0,2,21909,2018,2018,1100561.925
1,ST. GEORGE,21 OFFICE BUILDINGS,Class 2,0,2,20934,1975,2023,1442940.164
5,RIVERDALE,13 CONDOS - ELEVATOR APARTMENTS,Class 2,8,2,24964,1909,2018,1096516.22
3,UPPER EAST SIDE,21 OFFICE BUILDINGS,Class 2,7,2,43340,2009,2021,1562707.882
5,BUSHWICK,01 ONE FAMILY DWELLINGS,Class 4,4,1,49285,2005,2022,1132612.757
1,UPPER EAST SIDE,13 CONDOS - ELEVATOR APARTMENTS,Class 2,4,2,21162,1941,2018,1428198.802
5,ASTORIA,13 CONDOS - ELEVATOR APARTMENTS,Class 1,8,2,18728,2015,2012,980524.9157
2,UPPER EAST SIDE,01 ONE FAMILY DWELLINGS,Class 2,2,1,49723,1994,2013,921880.0181
4,ASTORIA,13 CONDOS - ELEVATOR APARTMENTS,Class 2,2,2,7886,1910,2014,868335.9098
3,ASTORIA,01 ONE FAMILY DWELLINGS,Class 2,6,4,7362,2017,2015,1500365.206
4,ASTORIA,02 TWO FAMILY DWELLINGS,Class 1,8,4,40608,1915,2018,1182406.518
5,BUSHWICK,21 OFFICE BUILDINGS,Class 4,5,3,26752,1972,2022,1151482.882
3,UPPER EAST SIDE,01 ONE FAMILY DWELLINGS,Class 4,1,4,9987,2010,2020,804143.2904
5,UPPER EAST SIDE,13 CONDOS - ELEVATOR APARTMENTS,Class 1,0,0,48329,1977,2021,962872.3372
2,BUSHWICK,01 ONE FAMILY DWELLINGS,Class 4,1,0,40903,1918,2013,836934.0822
1,RIVERDALE,13 CONDOS - ELEVATOR APARTMENTS,Class 1,0,0,15104,1930,2023,1263414.396
3,HARLEM,02 TWO FAMILY DWELLINGS,Class 1,9,1,17927,1972,2023,1151286.085
2,UPPER EAST SIDE,01 ONE FAMILY DWELLINGS,Class 1,9,4,27701,1999,2015,1162178.728
2,HARLEM,02 TWO FAMILY DWELLINGS,Class 1,8,0,3542,1952,2022,750997.9967
3,ST. GEORGE,21 OFFICE BUILDINGS,Class 3,9,3,10886,2002,2010,1033245.323
5,ST. GEORGE,13 CONDOS - ELEVATOR APARTMENTS,Class 1,7,1,12192,2017,2011,693910.715
2,BUSHWICK,13 CONDOS - ELEVATOR APARTMENTS,Class 1,6,3,15725,1989,2017,924748.4966
4,ST. GEORGE,02 TWO FAMILY DWELLINGS,Class 1,2,4,17193,1907,2013,741960.9534
2,ST. GEORGE,21 OFFICE BUILDINGS,Class 1,7,2,7161,1923,2019,978164.0794
5,RIVERDALE,01 ONE FAMILY DWELLINGS,Class 1,1,3,43521,1907,2016,1136025.279
5,RIVERDALE,01 ONE FAMILY DWELLINGS,Class 2,1,2,18761,1982,2013,996361.1022
4,RIVERDALE,13 CONDOS - ELEVATOR APARTMENTS,Class 1,9,1,27878,2010,2023,1044928.253
2,ST. GEORGE,02 TWO FAMILY DWELLINGS,Class 4,2,3,21719,1947,2018,827084.1675
5,BUSHWICK,02 TWO FAMILY DWELLINGS,Class 3,6,3,12437,1929,2018,1078928.297
3,ASTORIA,01 ONE FAMILY DWELLINGS,Class 1,0,1,1294,1957,2013,608698.1151
1,ASTORIA,21 OFFICE BUILDINGS,Class 4,7,1,47866,1985,2022,1805845.319
1,HARLEM,21 OFFICE BUILDINGS,Class 1,6,0,7286,1954,2024,1295479.696
1,ASTORIA,01 ONE FAMILY DWELLINGS,Class 1,3,4,37282,1972,2017,1422207.539
2,ASTORIA,01 ONE FAMILY DWELLINGS,Class 1,4,3,40660,2021,2015,1053200.054
4,RIVERDALE,02 TWO FAMILY DWELLINGS,Class 1,9,3,45813,2021,2010,1639699.717
5,RIVERDALE,21 OFFICE BUILDINGS,Class 2,0,1,38621,1961,2024,839456.1824
3,ST. GEORGE,01 ONE FAMILY DWELLINGS,Class 2,3,1,36675,2007,2016,969668.9665
3,HARLEM,01 ONE FAMILY DWELLINGS,Class 1,0,4,27532,1947,2010,894572.3496
2,UPPER EAST SIDE,13 CONDOS - ELEVATOR APARTMENTS,Class 2,0,1,26927,1903,2012,977541.0673
1,HARLEM,01 ONE FAMILY DWELLINGS,Class 1,9,2,17858,1936,2017,1872397.149
2,HARLEM,01 ONE FAMILY DWELLINGS,Class 2,0,2,30290,1907,2024,855445.5796
4,BUSHWICK,21 OFFICE BUILDINGS,Class 1,6,2,21121,1900,2018,939469.4187
4,ST. GEORGE,02 TWO FAMILY DWELLINGS,Class 1,6,2,49321,1991,2012,1303814.346
5,BUSHWICK,21 OFFICE BUILDINGS,Class 1,3,4,28865,1969,2010,840944.1192
5,HARLEM,02 TWO FAMILY DWELLINGS,Class 1,1,3,13689,1946,2010,727599.3273
4,HARLEM,13 CONDOS - ELEVATOR APARTMENTS,Class 2,2,2,11713,1999,2016,940613.6861
4,HARLEM,01 ONE FAMILY DWELLINGS,Class 3,7,1,7748,2016,2014,1023900.332
4,ASTORIA,13 CONDOS - ELEVATOR APARTMENTS,Class 1,7,2,4869,1974,2022,1092950.529
2,BUSHWICK,02 TWO FAMILY DWELLINGS,Class 2,5,4,8550,1904,2023,727831.6623
4,HARLEM,21 OFFICE BUILDINGS,Class 2,9,1,29105,1949,2010,1136313.803
3,RIVERDALE,21 OFFICE BUILDINGS,Class 4,8,2,38683,1923,2015,1084192.454
1,ST. GEORGE,13 CONDOS - ELEVATOR APARTMENTS,Class 1,8,3,15898,1946,2023,1760544.403
4,ST. GEORGE,02 TWO FAMILY DWELLINGS,Class 2,3,1,41383,1917,2015,1144848.257
1,RIVERDALE,13 CONDOS - ELEVATOR APARTMENTS,Class 4,0,1,33555,1983,2023,1479618.768
2,ST. GEORGE,13 CONDOS - ELEVATOR APARTMENTS,Class 2,0,3,3695,1927,2013,697334.974
1,ASTORIA,01 ONE FAMILY DWELLINGS,Class 1,9,1,25951,1976,2016,1547006.062
2,ASTORIA,13 CONDOS - ELEVATOR APARTMENTS,Class 1,4,2,7950,1904,2016,740535.8229
3,UPPER EAST SIDE,01 ONE FAMILY DWELLINGS,Class 1,1,1,3425,1929,2021,815533.9663
2,UPPER EAST SIDE,01 ONE FAMILY DWELLINGS,Class 2,5,2,15015,1900,2018,825693.0574
2,UPPER EAST SIDE,21 OFFICE BUILDINGS,Class 2,6,3,5810,1985,2021,552373.5458
5,ST. GEORGE,01 ONE FAMILY DWELLINGS,Class 1,0,0,32317,1981,2010,885324.5811
4,ASTORIA,01 ONE FAMILY DWELLINGS,Class 2,5,3,27908,1945,2014,1207512.778
4,ASTORIA,21 OFFICE BUILDINGS,Class 2,7,2,45028,1968,2024,1424641.502
3,ASTORIA,13 CONDOS - ELEVATOR APARTMENTS,Class 2,4,4,48164,1930,2019,1677174.397
3,RIVERDALE,02 TWO FAMILY DWELLINGS,Class 2,6,3,19780,1969,2012,1135515.933
4,ASTORIA,02 TWO FAMILY DWELLINGS,Class 3,9,4,17605,1990,2016,1245224.969
5,RIVERDALE,02 TWO FAMILY DWELLINGS,Class 1,5,4,19047,1955,2013,899209.77
4,UPPER EAST SIDE,13 CONDOS - ELEVATOR APARTMENTS,Class 4,3,2,11274,1988,2013,710504.3813
5,UPPER EAST SIDE,01 ONE FAMILY DWELLINGS,Class 1,6,2,15957,1992,2022,984579.0484
3,ST. GEORGE,02 TWO FAMILY DWELLINGS,Class 1,9,0,42811,1927,2021,1234092.177
1,UPPER EAST SIDE,13 CONDOS - ELEVATOR APARTMENTS,Class 1,8,1,4480,1915,2010,1795660.788
3,ST. GEORGE,01 ONE FAMILY DWELLINGS,Class 1,9,3,21386,1953,2010,1575559.582
3,HARLEM,21 OFFICE BUILDINGS,Class 1,9,2,12076,1952,2019,1016956.518
2,HARLEM,02 TWO FAMILY DWELLINGS,Class 1,6,3,32391,1911,2011,955845.5728
2,BUSHWICK,01 ONE FAMILY DWELLINGS,Class 3,4,4,36681,1919,2024,865858.7119
2,ST. GEORGE,02 TWO FAMILY DWELLINGS,Class 1,6,1,33762,1981,2011,864383.784
2,BUSHWICK,02 TWO FAMILY DWELLINGS,Class 2,2,0,1447,1933,2010,666747.2836
5,BUSHWICK,02 TWO FAMILY DWELLINGS,Class 1,1,3,522,2018,2017,564536.838
4,HARLEM,01 ONE FAMILY DWELLINGS,Class 4,4,1,1628,1952,2015,587616.809
1,ST. GEORGE,13 CONDOS - ELEVATOR APARTMENTS,Class 2,3,0,14486,1963,2015,1446772.3
3,HARLEM,01 ONE FAMILY DWELLINGS,Class 1,4,3,32822,1922,2019,1543237.656
5,BUSHWICK,02 TWO FAMILY DWELLINGS,Class 2,7,1,49429,2008,2019,1196162.279
1,ST. GEORGE,01 ONE FAMILY DWELLINGS,Class 2,3,2,16660,1926,2018,1525278.243
5,BUSHWICK,21 OFFICE BUILDINGS,Class 2,8,3,10308,2012,2014,1075510.986
5,ASTORIA,13 CONDOS - ELEVATOR APARTMENTS,Class 2,6,1,30112,1916,2024,984765.8388
3,ST. GEORGE,01 ONE FAMILY DWELLINGS,Class 2,9,0,22225,1947,2013,1280318.407
4,ST. GEORGE,21 OFFICE BUILDINGS,Class 2,6,1,7498,1920,2024,698207.404
2,BUSHWICK,13 CONDOS - ELEVATOR APARTMENTS,Class 2,7,2,40450,1949,2020,1079441.898
4,ASTORIA,21 OFFICE BUILDINGS,Class 1,5,3,23918,1939,2015,1152298.249
3,RIVERDALE,13 CONDOS - ELEVATOR APARTMENTS,Class 3,7,3,18540,1994,2017,1504673.617
3,HARLEM,01 ONE FAMILY DWELLINGS,Class 1,2,3,21057,1902,2023,1099654.178
3,BUSHWICK,21 OFFICE BUILDINGS,Class 2,9,2,22325,1916,2010,1337601.549
1,ST. GEORGE,02 TWO FAMILY DWELLINGS,Class 1,9,0,9498,1960,2016,1481847.347
4,HARLEM,21 OFFICE BUILDINGS,Class 2,0,3,36580,1949,2017,1023049.524
4,HARLEM,13 CONDOS - ELEVATOR APARTMENTS,Class 4,5,0,46597,2021,2018,1145707.278
5,HARLEM,01 ONE FAMILY DWELLINGS,Class 1,0,1,16302,1989,2020,742860.2138
5,RIVERDALE,13 CONDOS - ELEVATOR APARTMENTS,Class 1,8,0,11667,1986,2017,769344.356
5,UPPER EAST SIDE,21 OFFICE BUILDINGS,Class 2,1,0,35592,1905,2016,1042739.907
3,BUSHWICK,21 OFFICE BUILDINGS,Class 3,1,3,42907,1927,2012,1044842.82
4,UPPER EAST SIDE,02 TWO FAMILY DWELLINGS,Class 2,6,4,13838,1971,2011,1203359.561
3,UPPER EAST SIDE,01 ONE FAMILY DWELLINGS,Class 1,1,4,11253,1954,2024,1270222.834
1,UPPER EAST SIDE,01 ONE FAMILY DWELLINGS,Class 4,9,2,6484,1957,2012,1271228.197
5,HARLEM,21 OFFICE BUILDINGS,Class 2,7,2,19395,1944,2013,1124814.658
3,ASTORIA,01 ONE FAMILY DWELLINGS,Class 1,5,4,48410,1971,2013,1204204.813
3,HARLEM,02 TWO FAMILY DWELLINGS,Class 1,6,1,44331,1918,2015,1162291.074
1,HARLEM,13 CONDOS - ELEVATOR APARTMENTS,Class 2,6,3,862,2001,2021,1454960.99
2,ST. GEORGE,01 ONE FAMILY DWELLINGS,Class 1,5,3,3954,1928,2016,850537.5639
4,ST. GEORGE,21 OFFICE BUILDINGS,Class 1,9,1,21504,1922,2021,1379523.783
2,UPPER EAST SIDE,13 CONDOS - ELEVATOR APARTMENTS,Class 4,8,1,36523,2010,2013,1029785.547
5,HARLEM,13 CONDOS - ELEVATOR APARTMENTS,Class 1,8,4,18101,1931,2019,1267075.827
3,UPPER EAST SIDE,02 TWO FAMILY DWELLINGS,Class 2,6,2,5849,1909,2015,1141757.747
1,ST. GEORGE,21 OFFICE BUILDINGS,Class 1,8,1,40463,1990,2018,1772971.674
1,ASTORIA,01 ONE FAMILY DWELLINGS,Class 2,9,2,10547,1948,2023,1512724.067
4,BUSHWICK,21 OFFICE BUILDINGS,Class 2,2,0,8250,1964,2015,759066.1054
2,UPPER EAST SIDE,13 CONDOS - ELEVATOR APARTMENTS,Class 1,2,3,29893,2002,2023,1040059.2
4,ASTORIA,21 OFFICE BUILDINGS,Class 2,0,4,22963,1928,2012,878464.444
3,BUSHWICK,01 ONE FAMILY DWELLINGS,Class 1,4,3,9899,1958,2010,1231446.37
4,RIVERDALE,01 ONE FAMILY DWELLINGS,Class 4,3,4,14186,1944,2020,975950.8178
1,UPPER EAST SIDE,02 TWO FAMILY DWELLINGS,Class 4,1,0,41303,1966,2019,1659643.083
1,UPPER EAST SIDE,01 ONE FAMILY DWELLINGS,Class 2,8,3,34775,1950,2019,1960006.609
5,RIVERDALE,01 ONE FAMILY DWELLINGS,Class 2,2,0,23287,2010,2022,772978.5018
5,RIVERDALE,21 OFFICE BUILDINGS,Class 1,7,4,15276,2000,2014,963442.7067
3,UPPER EAST SIDE,21 OFFICE BUILDINGS,Class 2,5,1,30027,1994,2019,991494.5332
2,RIVERDALE,13 CONDOS - ELEVATOR APARTMENTS,Class 1,4,3,39851,1910,2019,931665.602
4,HARLEM,02 TWO FAMILY DWELLINGS,Class 1,0,0,37195,1985,2012,913903.8909
3,BUSHWICK,21 OFFICE BUILDINGS,Class 2,3,3,16297,1981,2017,959840.9264
5,BUSHWICK,01 ONE FAMILY DWELLINGS,Class 1,2,3,37499,1998,2019,954185.6325
4,BUSHWICK,13 CONDOS - ELEVATOR APARTMENTS,Class 2,0,3,5802,1905,2024,735146.0776
5,HARLEM,21 OFFICE BUILDINGS,Class 1,4,2,38559,1966,2010,1123306.897
4,RIVERDALE,02 TWO FAMILY DWELLINGS,Class 2,5,0,1408,1961,2020,889366.808
2,ASTORIA,02 TWO FAMILY DWELLINGS,Class 1,1,0,15623,1904,2011,618918.0027
3,RIVERDALE,13 CONDOS - ELEVATOR APARTMENTS,Class 1,2,3,13377,1908,2012,1155053.119
4,UPPER EAST SIDE,13 CONDOS - ELEVATOR APARTMENTS,Class 2,5,1,14739,1927,2012,1004126.64
1,ST. GEORGE,13 CONDOS - ELEVATOR APARTMENTS,Class 4,3,3,21935,1982,2021,1660170.388
1,BUSHWICK,13 CONDOS - ELEVATOR APARTMENTS,Class 2,8,2,27813,1991,2017,1907095.35
4,RIVERDALE,13 CONDOS - ELEVATOR APARTMENTS,Class 1,4,4,35854,1990,2014,1254373.814
4,ASTORIA,01 ONE FAMILY DWELLINGS,Class 1,3,2,42603,1976,2017,1286932.642
4,UPPER EAST SIDE,01 ONE FAMILY DWELLINGS,Class 4,1,1,48908,1937,2020,1180844.817
1,HARLEM,21 OFFICE BUILDINGS,Class 2,5,3,18215,1942,2023,1554259.326
1,HARLEM,02 TWO FAMILY DWELLINGS,Class 1,9,0,23735,2016,2024,1310077.108
4,ASTORIA,01 ONE FAMILY DWELLINGS,Class 4,1,3,26629,1920,2024,1020079.496
5,UPPER EAST SIDE,01 ONE FAMILY DWELLINGS,Class 3,6,1,11034,1990,2020,1076116.898
5,BUSHWICK,01 ONE FAMILY DWELLINGS,Class 4,2,0,35074,1961,2015,1079552.795
2,RIVERDALE,21 OFFICE BUILDINGS,Class 4,8,2,43560,1945,2024,1016925.616
3,UPPER EAST SIDE,13 CONDOS - ELEVATOR APARTMENTS,Class 4,4,4,17689,1969,2021,1041056.535
5,HARLEM,21 OFFICE BUILDINGS,Class 1,7,4,21031,1937,2011,990589.3278
1,ASTORIA,02 TWO FAMILY DWELLINGS,Class 1,5,3,11467,1948,2020,1552249.701
5,ASTORIA,02 TWO FAMILY DWELLINGS,Class 2,9,2,16955,1974,2013,1090451.865
2,RIVERDALE,02 TWO FAMILY DWELLINGS,Class 2,7,1,527,2010,2018,782143.4314
2,ASTORIA,02 TWO FAMILY DWELLINGS,Class 2,2,4,9160,2004,2013,608292.9177
3,ASTORIA,01 ONE FAMILY DWELLINGS,Class 1,2,2,25839,2016,2014,1196687.524
5,UPPER EAST SIDE,01 ONE FAMILY DWELLINGS,Class 2,4,3,40323,1980,2014,1176523.406
1,BUSHWICK,21 OFFICE BUILDINGS,Class 2,9,0,10116,2019,2019,1350345.834
1,RIVERDALE,13 CONDOS - ELEVATOR APARTMENTS,Class 1,2,3,10940,1938,2017,1430495.771
4,UPPER EAST SIDE,02 TWO FAMILY DWELLINGS,Class 1,7,3,37100,1970,2015,1082592.797
1,BUSHWICK,21 OFFICE BUILDINGS,Class 2,9,2,49238,1929,2019,2235949.315
3,UPPER EAST SIDE,01 ONE FAMILY DWELLINGS,Class 2,7,4,13607,1920,2016,1375691.557
3,ST. GEORGE,01 ONE FAMILY DWELLINGS,Class 1,1,2,29146,1900,2015,997134.3327
1,UPPER EAST SIDE,13 CONDOS - ELEVATOR APARTMENTS,Class 2,3,0,47045,1988,2023,1835581.358
1,ASTORIA,13 CONDOS - ELEVATOR APARTMENTS,Class 2,9,2,26751,1931,2023,1857617.027
4,BUSHWICK,13 CONDOS - ELEVATOR APARTMENTS,Class 2,0,1,16454,2020,2023,967817.6115
1,RIVERDALE,21 OFFICE BUILDINGS,Class 1,3,3,17443,1907,2014,1455813.536
4,RIVERDALE,01 ONE FAMILY DWELLINGS,Class 2,3,4,41225,1968,2024,917587.9594
4,BUSHWICK,01 ONE FAMILY DWELLINGS,Class 1,9,0,45934,1929,2014,1591711.162
1,ASTORIA,13 CONDOS - ELEVATOR APARTMENTS,Class 4,8,3,20715,2014,2012,1901497.439
2,HARLEM,02 TWO FAMILY DWELLINGS,Class 1,2,2,10610,1907,2016,813476.2483
2,UPPER EAST SIDE,13 CONDOS - ELEVATOR APARTMENTS,Class 2,1,1,40612,2012,2022,782700.3114
4,ASTORIA,21 OFFICE BUILDINGS,Class 1,8,2,22055,1918,2019,1363142.787
1,ST. GEORGE,13 CONDOS - ELEVATOR APARTMENTS,Class 2,8,3,16962,2007,2014,1467772.964
2,BUSHWICK,13 CONDOS - ELEVATOR APARTMENTS,Class 2,0,0,14196,1958,2016,427586.7727
1,UPPER EAST SIDE,21 OFFICE BUILDINGS,Class 1,5,4,1531,1954,2024,1748825.251
1,RIVERDALE,13 CONDOS - ELEVATOR APARTMENTS,Class 2,9,3,24265,1929,2011,2064839.991
1,HARLEM,01 ONE FAMILY DWELLINGS,Class 1,7,0,48358,1978,2018,1640932.179
5,ST. GEORGE,02 TWO FAMILY DWELLINGS,Class 1,2,3,16316,1935,2017,1060059.617
1,RIVERDALE,13 CONDOS - ELEVATOR APARTMENTS,Class 2,8,1,18368,1954,2024,1452365.67
5,BUSHWICK,21 OFFICE BUILDINGS,Class 1,1,2,10937,1943,2014,796114.7775
4,UPPER EAST SIDE,02 TWO FAMILY DWELLINGS,Class 4,5,4,15953,1926,2011,858604.0369
2,BUSHWICK,21 OFFICE BUILDINGS,Class 2,0,0,22722,1976,2015,579665.1621
2,UPPER EAST SIDE,02 TWO FAMILY DWELLINGS,Class 2,6,4,14758,1977,2017,803767.7883
2,ASTORIA,02 TWO FAMILY DWELLINGS,Class 1,2,4,34818,2000,2016,1140271.887
2,HARLEM,13 CONDOS - ELEVATOR APARTMENTS,Class 2,6,4,13477,1953,2017,1018087.465
2,ASTORIA,01 ONE FAMILY DWELLINGS,Class 2,3,0,37950,1947,2013,607237.424
2,ASTORIA,13 CONDOS - ELEVATOR APARTMENTS,Class 1,8,0,47707,1929,2023,1141454.742
2,BUSHWICK,21 OFFICE BUILDINGS,Class 3,4,4,18713,1938,2012,922217.4109
4,HARLEM,21 OFFICE BUILDINGS,Class 1,2,2,37019,2010,2016,928724.1329
1,UPPER EAST SIDE,02 TWO FAMILY DWELLINGS,Class 3,7,3,46182,1912,2011,1901450.205
3,UPPER EAST SIDE,02 TWO FAMILY DWELLINGS,Class 1,5,4,10723,2021,2023,1024286.571
5,ST. GEORGE,01 ONE FAMILY DWELLINGS,Class 4,1,1,48666,1915,2014,944231.3175
3,RIVERDALE,13 CONDOS - ELEVATOR APARTMENTS,Class 2,2,4,39869,1943,2022,1231664.086
3,ST. GEORGE,21 OFFICE BUILDINGS,Class 1,7,0,21343,1970,2016,1095481.43
1,ST. GEORGE,02 TWO FAMILY DWELLINGS,Class 1,9,3,4356,2011,2010,1457135.066
1,UPPER EAST SIDE,01 ONE FAMILY DWELLINGS,Class 2,6,1,13161,2018,2013,1636151.722
1,BUSHWICK,21 OFFICE BUILDINGS,Class 4,9,3,16091,2018,2024,1506300.839
2,ASTORIA,02 TWO FAMILY DWELLINGS,Class 1,5,3,6682,1926,2011,857350.7215
4,ASTORIA,21 OFFICE BUILDINGS,Class 1,0,1,8470,1944,2015,767569.687
2,ASTORIA,01 ONE FAMILY DWELLINGS,Class 2,8,4,48422,2018,2021,1307229.147
4,HARLEM,01 ONE FAMILY DWELLINGS,Class 2,2,4,35362,1934,2010,1326782.342
4,UPPER EAST SIDE,21 OFFICE BUILDINGS,Class 2,4,4,31255,1978,2016,1315944.738
3,BUSHWICK,13 CONDOS - ELEVATOR APARTMENTS,Class 2,6,2,45363,1927,2012,1289593.296
3,HARLEM,21 OFFICE BUILDINGS,Class 1,6,4,19916,1998,2021,990964.448
4,RIVERDALE,02 TWO FAMILY DWELLINGS,Class 4,2,1,14172,1906,2010,970775.7334
4,BUSHWICK,13 CONDOS - ELEVATOR APARTMENTS,Class 2,3,2,18432,1961,2024,855991.6488
2,ST. GEORGE,02 TWO FAMILY DWELLINGS,Class 1,9,4,47496,2013,2017,1312703.635
2,BUSHWICK,21 OFFICE BUILDINGS,Class 2,6,2,9059,2009,2016,826113.2103
3,BUSHWICK,13 CONDOS - ELEVATOR APARTMENTS,Class 2,7,1,564,2013,2011,1055460.879
1,ASTORIA,02 TWO FAMILY DWELLINGS,Class 1,1,4,3799,1950,2016,1422861.706
4,BUSHWICK,21 OFFICE BUILDINGS,Class 2,8,0,5349,1945,2012,789755.0748
2,ST. GEORGE,21 OFFICE BUILDINGS,Class 1,6,1,6139,1919,2024,872236.9473
3,ST. GEORGE,13 CONDOS - ELEVATOR APARTMENTS,Class 2,7,3,11555,1995,2022,1379534.352
2,UPPER EAST SIDE,21 OFFICE BUILDINGS,Class 4,5,3,22558,1937,2018,1003114.893
4,BUSHWICK,01 ONE FAMILY DWELLINGS,Class 1,5,1,29927,1960,2017,1016862.285
4,ASTORIA,02 TWO FAMILY DWELLINGS,Class 1,8,3,17480,2003,2014,920366.5559
5,BUSHWICK,02 TWO FAMILY DWELLINGS,Class 3,3,1,11366,1931,2016,724193.0019
1,RIVERDALE,21 OFFICE BUILDINGS,Class 4,4,0,4389,1925,2012,1360643.167
5,RIVERDALE,21 OFFICE BUILDINGS,Class 2,8,1,48726,1957,2010,1423561.559
3,ASTORIA,01 ONE FAMILY DWELLINGS,Class 2,0,4,31835,1938,2010,1065353.742
2,UPPER EAST SIDE,13 CONDOS - ELEVATOR APARTMENTS,Class 2,3,4,26662,1919,2024,731745.8382
3,UPPER EAST SIDE,21 OFFICE BUILDINGS,Class 4,6,2,24413,1981,2020,1239452.756
4,ST. GEORGE,21 OFFICE BUILDINGS,Class 4,8,3,25187,1949,2011,939958.2029
5,ST. GEORGE,21 OFFICE BUILDINGS,Class 1,9,3,33720,1978,2017,1474147.967
5,HARLEM,21 OFFICE BUILDINGS,Class 2,5,1,11495,1951,2010,963454.6074
5,ASTORIA,02 TWO FAMILY DWELLINGS,Class 2,7,3,3131,1985,2020,1092947.627
3,BUSHWICK,21 OFFICE BUILDINGS,Class 2,8,4,35454,2014,2021,1366596.718
4,ASTORIA,02 TWO FAMILY DWELLINGS,Class 2,9,0,6467,1921,2014,1092115.511
2,HARLEM,21 OFFICE BUILDINGS,Class 2,3,1,23258,1952,2018,878471.5562
2,ST. GEORGE,13 CONDOS - ELEVATOR APARTMENTS,Class 4,0,3,22242,1984,2021,744832.7425
3,ASTORIA,01 ONE FAMILY DWELLINGS,Class 1,7,4,37616,1965,2018,1201023.519
5,ASTORIA,13 CONDOS - ELEVATOR APARTMENTS,Class 1,1,2,27080,2003,2011,487372.7406
1,ST. GEORGE,21 OFFICE BUILDINGS,Class 2,0,3,34727,2016,2016,1498532.237
3,HARLEM,21 OFFICE BUILDINGS,Class 1,6,0,2442,1942,2020,1030846.403
3,ST. GEORGE,21 OFFICE BUILDINGS,Class 1,9,0,48164,1981,2010,1333791.845
4,UPPER EAST SIDE,13 CONDOS - ELEVATOR APARTMENTS,Class 1,8,3,28569,1922,2012,923285.5295
2,BUSHWICK,21 OFFICE BUILDINGS,Class 2,8,3,22306,1976,2015,910909.7139
3,ST. GEORGE,13 CONDOS - ELEVATOR APARTMENTS,Class 4,2,4,14907,1963,2018,827600.9979
3,HARLEM,02 TWO FAMILY DWELLINGS,Class 2,5,3,48890,2004,2019,1229498.189
5,RIVERDALE,01 ONE FAMILY DWELLINGS,Class 2,6,2,15057,1908,2011,1159748.765
5,UPPER EAST SIDE,01 ONE FAMILY DWELLINGS,Class 1,9,4,16945,2012,2016,1075851.049
1,RIVERDALE,13 CONDOS - ELEVATOR APARTMENTS,Class 2,8,1,18378,1906,2024,1663234.87
4,ST. GEORGE,02 TWO FAMILY DWELLINGS,Class 2,1,2,18064,1940,2013,765497.4067
1,UPPER EAST SIDE,13 CONDOS - ELEVATOR APARTMENTS,Class 2,7,4,13593,1953,2011,1580995.165
5,BUSHWICK,02 TWO FAMILY DWELLINGS,Class 1,6,4,36056,1964,2012,1116410.672
2,ST. GEORGE,21 OFFICE BUILDINGS,Class 1,3,0,26951,1901,2015,1029403.002
5,BUSHWICK,02 TWO FAMILY DWELLINGS,Class 1,1,4,43668,1903,2019,914653.7008
4,ASTORIA,02 TWO FAMILY DWELLINGS,Class 2,7,2,24586,1977,2018,1044989.161
5,RIVERDALE,02 TWO FAMILY DWELLINGS,Class 3,4,3,16989,1931,2017,821442.3508
4,UPPER EAST SIDE,01 ONE FAMILY DWELLINGS,Class 4,5,2,28504,1999,2019,1366585.55
4,BUSHWICK,02 TWO FAMILY DWELLINGS,Class 2,6,1,20971,1901,2023,1096868.141
4,HARLEM,21 OFFICE BUILDINGS,Class 2,9,4,26784,2003,2020,1429624.938
4,BUSHWICK,21 OFFICE BUILDINGS,Class 4,0,4,37193,2013,2018,1115083.085
4,HARLEM,21 OFFICE BUILDINGS,Class 1,7,4,18792,2014,2013,1417684.488
2,ST. GEORGE,02 TWO FAMILY DWELLINGS,Class 1,3,4,18933,1963,2021,955356.0751
1,UPPER EAST SIDE,13 CONDOS - ELEVATOR APARTMENTS,Class 4,8,0,15068,1913,2013,1659131.228
3,BUSHWICK,13 CONDOS - ELEVATOR APARTMENTS,Class 1,0,0,45924,1919,2024,1176966.765
1,BUSHWICK,21 OFFICE BUILDINGS,Class 4,1,3,9966,1988,2018,1353376.878
4,UPPER EAST SIDE,01 ONE FAMILY DWELLINGS,Class 4,5,4,26021,2005,2017,998297.0932
2,BUSHWICK,13 CONDOS - ELEVATOR APARTMENTS,Class 2,9,1,37172,1948,2021,1095680.107
5,HARLEM,02 TWO FAMILY DWELLINGS,Class 3,0,3,15967,1907,2024,809519.4567
2,BUSHWICK,13 CONDOS - ELEVATOR APARTMENTS,Class 2,3,4,32519,1991,2011,1096337.198
4,RIVERDALE,21 OFFICE BUILDINGS,Class 2,7,0,10919,1962,2017,1100928.822
2,ST. GEORGE,01 ONE FAMILY DWELLINGS,Class 1,9,1,17176,1945,2010,978393.2849
2,ASTORIA,13 CONDOS - ELEVATOR APARTMENTS,Class 1,4,3,29755,1920,2018,952681.5658
4,HARLEM,13 CONDOS - ELEVATOR APARTMENTS,Class 1,8,1,32014,1986,2018,1109436.244
2,RIVERDALE,21 OFFICE BUILDINGS,Class 2,5,4,43682,1931,2022,1321002.415
3,ST. GEORGE,01 ONE FAMILY DWELLINGS,Class 1,0,2,23150,1907,2024,1043536.369
3,UPPER EAST SIDE,01 ONE FAMILY DWELLINGS,Class 1,5,1,23254,1994,2017,1046903.118
2,HARLEM,21 OFFICE BUILDINGS,Class 1,5,1,12665,2000,2020,1029724.223
5,ASTORIA,02 TWO FAMILY DWELLINGS,Class 2,5,0,11183,1915,2014,792316.2437
4,ST. GEORGE,13 CONDOS - ELEVATOR APARTMENTS,Class 4,7,4,33056,1939,2014,1037217.62
3,ASTORIA,02 TWO FAMILY DWELLINGS,Class 4,5,1,15942,2005,2022,1011274.053
5,UPPER EAST SIDE,13 CONDOS - ELEVATOR APARTMENTS,Class 2,4,4,5360,1926,2012,795386.907
2,UPPER EAST SIDE,13 CONDOS - ELEVATOR APARTMENTS,Class 4,1,0,4229,2003,2014,362549.9363
5,HARLEM,02 TWO FAMILY DWELLINGS,Class 2,3,4,31851,2004,2013,1051291.296
1,BUSHWICK,21 OFFICE BUILDINGS,Class 2,9,0,47668,1917,2010,2115467.052
3,UPPER EAST SIDE,21 OFFICE BUILDINGS,Class 2,4,0,24846,1934,2018,1058869.719
2,ST. GEORGE,13 CONDOS - ELEVATOR APARTMENTS,Class 1,9,3,9119,2012,2024,828911.1997
4,BUSHWICK,21 OFFICE BUILDINGS,Class 4,3,4,11664,1951,2019,950856.8731
2,RIVERDALE,13 CONDOS - ELEVATOR APARTMENTS,Class 1,1,2,39378,1914,2023,944769.9747
4,ASTORIA,21 OFFICE BUILDINGS,Class 2,6,3,7455,1962,2013,807262.5123
2,BUSHWICK,13 CONDOS - ELEVATOR APARTMENTS,Class 2,9,0,606,1952,2012,694937.8657
5,ASTORIA,21 OFFICE BUILDINGS,Class 1,9,2,5254,1990,2015,1078736.878
5,BUSHWICK,01 ONE FAMILY DWELLINGS,Class 1,1,1,44793,1980,2010,936991.279
5,RIVERDALE,02 TWO FAMILY DWELLINGS,Class 2,0,1,22162,2003,2014,942678.9491
1,UPPER EAST SIDE,01 ONE FAMILY DWELLINGS,Class 1,4,3,6908,1965,2024,1464301.652
4,RIVERDALE,02 TWO FAMILY DWELLINGS,Class 2,0,2,40903,2012,2016,1011279.307
5,UPPER EAST SIDE,02 TWO FAMILY DWELLINGS,Class 2,0,4,1725,2013,2011,715197.0559
1,UPPER EAST SIDE,13 CONDOS - ELEVATOR APARTMENTS,Class 2,0,2,12696,1930,2019,1406997.44
4,ASTORIA,02 TWO FAMILY DWELLINGS,Class 2,5,3,4750,1960,2018,903177.9514
2,ST. GEORGE,01 ONE FAMILY DWELLINGS,Class 2,8,4,15872,1963,2021,1351213.624
1,RIVERDALE,01 ONE FAMILY DWELLINGS,Class 2,9,4,17779,2000,2024,1898557.458
3,BUSHWICK,21 OFFICE BUILDINGS,Class 2,0,1,45365,2004,2015,1362562.346
1,RIVERDALE,01 ONE FAMILY DWELLINGS,Class 2,4,2,30693,2004,2011,1666039.337
1,ASTORIA,21 OFFICE BUILDINGS,Class 2,8,4,45323,1997,2017,2135221.961
4,UPPER EAST SIDE,02 TWO FAMILY DWELLINGS,Class 4,8,3,27368,1933,2017,1149919.258
2,ASTORIA,01 ONE FAMILY DWELLINGS,Class 1,0,1,38687,2014,2010,812175.7754
3,HARLEM,02 TWO FAMILY DWELLINGS,Class 2,7,4,48981,1954,2021,1497888.274
5,HARLEM,01 ONE FAMILY DWELLINGS,Class 4,0,2,28975,1958,2010,836887.3031
5,BUSHWICK,01 ONE FAMILY DWELLINGS,Class 1,7,1,45052,1902,2010,1167699.148
1,ASTORIA,21 OFFICE BUILDINGS,Class 1,0,2,2933,1916,2021,1212670.77
4,BUSHWICK,02 TWO FAMILY DWELLINGS,Class 2,4,2,11498,1977,2013,1046700.844
4,BUSHWICK,01 ONE FAMILY DWELLINGS,Class 1,7,2,44843,1977,2013,1367591.696
5,HARLEM,13 CONDOS - ELEVATOR APARTMENTS,Class 1,5,1,31633,1945,2017,982295.8054
3,BUSHWICK,02 TWO FAMILY DWELLINGS,Class 4,8,4,34569,1937,2010,1327993.219
2,HARLEM,02 TWO FAMILY DWELLINGS,Class 2,0,0,7358,1934,2019,445210.2468
3,UPPER EAST SIDE,02 TWO FAMILY DWELLINGS,Class 1,8,4,9450,1900,2012,1017669.43
2,ASTORIA,21 OFFICE BUILDINGS,Class 4,0,1,9438,2011,2020,523064.9492
5,BUSHWICK,13 CONDOS - ELEVATOR APARTMENTS,Class 4,9,0,25668,1928,2010,926151.7225
2,HARLEM,02 TWO FAMILY DWELLINGS,Class 2,9,0,32599,1903,2018,783231.9111
4,RIVERDALE,01 ONE FAMILY DWELLINGS,Class 1,2,0,6144,1960,2019,675899.0086
1,BUSHWICK,01 ONE FAMILY DWELLINGS,Class 3,0,3,44346,1996,2021,1739594.804
1,ST. GEORGE,21 OFFICE BUILDINGS,Class 2,2,1,9760,1916,2018,1173514.329
5,UPPER EAST SIDE,01 ONE FAMILY DWELLINGS,Class 2,1,3,47958,1927,2016,1236377.341
4,UPPER EAST SIDE,02 TWO FAMILY DWELLINGS,Class 4,1,0,36575,1949,2022,956762.2945
3,RIVERDALE,01 ONE FAMILY DWELLINGS,Class 2,8,3,16988,1989,2021,1445429.381
4,HARLEM,02 TWO FAMILY DWELLINGS,Class 1,7,3,895,1907,2024,804261.8771
1,BUSHWICK,01 ONE FAMILY DWELLINGS,Class 2,0,1,11345,1933,2017,1450501.987
1,HARLEM,13 CONDOS - ELEVATOR APARTMENTS,Class 1,3,2,36559,1958,2010,1699817.635
4,UPPER EAST SIDE,21 OFFICE BUILDINGS,Class 2,0,3,18894,1917,2014,1017489.884
4,HARLEM,21 OFFICE BUILDINGS,Class 2,0,3,28957,1994,2024,1242755.051
1,UPPER EAST SIDE,13 CONDOS - ELEVATOR APARTMENTS,Class 1,3,0,46406,1958,2023,1528185.971
3,HARLEM,13 CONDOS - ELEVATOR APARTMENTS,Class 2,1,0,37805,1926,2011,952278.6153
5,RIVERDALE,21 OFFICE BUILDINGS,Class 1,2,0,43128,1915,2022,1092546.553
5,ASTORIA,13 CONDOS - ELEVATOR APARTMENTS,Class 1,8,4,21852,2021,2010,1225242.393
4,RIVERDALE,02 TWO FAMILY DWELLINGS,Class 2,1,3,21646,1909,2012,849114.9237
5,RIVERDALE,01 ONE FAMILY DWELLINGS,Class 1,3,0,17935,2003,2016,1018182.849
1,ASTORIA,21 OFFICE BUILDINGS,Class 2,0,1,39886,1975,2010,1649137.021
1,ASTORIA,13 CONDOS - ELEVATOR APARTMENTS,Class 1,1,4,37991,1921,2020,1427807.298
4,BUSHWICK,02 TWO FAMILY DWELLINGS,Class 2,4,2,20468,1915,2011,1102412.055
4,BUSHWICK,21 OFFICE BUILDINGS,Class 3,9,3,48105,1911,2011,1192658.518
4,RIVERDALE,13 CONDOS - ELEVATOR APARTMENTS,Class 2,0,3,9039,1974,2013,862123.8667
3,RIVERDALE,21 OFFICE BUILDINGS,Class 2,6,1,1763,1983,2024,1159137.074
5,UPPER EAST SIDE,13 CONDOS - ELEVATOR APARTMENTS,Class 4,3,2,13805,1950,2021,848311.0809
4,UPPER EAST SIDE,21 OFFICE BUILDINGS,Class 1,5,2,24898,1900,2012,1193032.034
2,BUSHWICK,02 TWO FAMILY DWELLINGS,Class 1,7,4,44202,1926,2012,944249.9252
2,ST. GEORGE,02 TWO FAMILY DWELLINGS,Class 2,5,3,32580,1966,2019,1162633.888
1,ST. GEORGE,01 ONE FAMILY DWELLINGS,Class 1,1,0,10765,1911,2014,1306670.657
5,BUSHWICK,21 OFFICE BUILDINGS,Class 4,0,1,49607,1929,2012,920247.2627
4,UPPER EAST SIDE,01 ONE FAMILY DWELLINGS,Class 1,7,1,32652,1908,2020,1183576.457
2,UPPER EAST SIDE,21 OFFICE BUILDINGS,Class 2,7,1,28224,1952,2016,864874.6814
5,ST. GEORGE,13 CONDOS - ELEVATOR APARTMENTS,Class 2,8,1,31124,1960,2014,1078253.7
1,HARLEM,13 CONDOS - ELEVATOR APARTMENTS,Class 1,5,0,34619,1953,2013,1687033.004
3,HARLEM,01 ONE FAMILY DWELLINGS,Class 2,0,0,40458,1936,2021,938303.125
5,UPPER EAST SIDE,21 OFFICE BUILDINGS,Class 1,8,4,29889,1964,2012,1188060.281
5,HARLEM,01 ONE FAMILY DWELLINGS,Class 2,2,3,17150,1941,2024,1115648.861
3,ASTORIA,02 TWO FAMILY DWELLINGS,Class 1,5,0,26514,1948,2021,1199357.832
5,BUSHWICK,01 ONE FAMILY DWELLINGS,Class 4,9,4,11385,1903,2013,994050.6585
1,BUSHWICK,01 ONE FAMILY DWELLINGS,Class 4,9,2,7934,1963,2023,1541234.89
1,UPPER EAST SIDE,13 CONDOS - ELEVATOR APARTMENTS,Class 1,8,3,30528,1978,2024,1725912.227
3,RIVERDALE,01 ONE FAMILY DWELLINGS,Class 1,2,0,1522,1950,2021,1100045.738
4,ST. GEORGE,21 OFFICE BUILDINGS,Class 2,4,2,24831,1990,2011,936354.5211
2,UPPER EAST SIDE,13 CONDOS - ELEVATOR APARTMENTS,Class 1,4,4,2537,1971,2010,1096637.292
4,HARLEM,01 ONE FAMILY DWELLINGS,Class 4,9,0,9256,1959,2012,856541.6708
5,ST. GEORGE,02 TWO FAMILY DWELLINGS,Class 2,6,0,46826,1986,2020,1129368.025
2,RIVERDALE,01 ONE FAMILY DWELLINGS,Class 1,3,2,17943,1978,2011,713784.9898
3,HARLEM,01 ONE FAMILY DWELLINGS,Class 3,3,0,34692,1990,2010,1028470.256
3,ASTORIA,01 ONE FAMILY DWELLINGS,Class 2,6,1,4623,1930,2010,1010945.958
2,HARLEM,13 CONDOS - ELEVATOR APARTMENTS,Class 4,8,0,17103,2002,2011,845448.5983
1,ASTORIA,21 OFFICE BUILDINGS,Class 4,3,3,905,2010,2022,1596917.277
2,ST. GEORGE,02 TWO FAMILY DWELLINGS,Class 1,3,2,43097,1971,2022,942944.6213
5,ASTORIA,01 ONE FAMILY DWELLINGS,Class 1,5,3,19202,1993,2018,965187.8199
1,ST. GEORGE,21 OFFICE BUILDINGS,Class 4,5,4,43219,1957,2022,1924337.128
3,ST. GEORGE,21 OFFICE BUILDINGS,Class 4,6,3,26750,2018,2022,1026391.883
2,ST. GEORGE,13 CONDOS - ELEVATOR APARTMENTS,Class 1,0,1,42251,2005,2014,802597.0154
4,ST. GEORGE,02 TWO FAMILY DWELLINGS,Class 3,2,1,21942,1981,2018,849930.6406
4,ST. GEORGE,13 CONDOS - ELEVATOR APARTMENTS,Class 2,8,3,18193,1903,2017,1115525.892
5,HARLEM,21 OFFICE BUILDINGS,Class 1,5,4,24505,2010,2022,1000453.088
4,ST. GEORGE,21 OFFICE BUILDINGS,Class 4,5,0,45293,2006,2020,1183972.899
2,HARLEM,21 OFFICE BUILDINGS,Class 1,4,1,38197,1921,2015,1085656.198
2,ST. GEORGE,13 CONDOS - ELEVATOR APARTMENTS,Class 4,2,3,29488,1902,2010,903452.4616
4,ASTORIA,02 TWO FAMILY DWELLINGS,Class 1,4,3,32833,1978,2019,1228442.76
2,ST. GEORGE,01 ONE FAMILY DWELLINGS,Class 2,0,3,30492,1998,2014,910073.8333
5,RIVERDALE,13 CONDOS - ELEVATOR APARTMENTS,Class 1,2,0,10022,1946,2021,709927.6034
1,ST. GEORGE,21 OFFICE BUILDINGS,Class 2,3,2,45906,1937,2010,1734937.515
5,ST. GEORGE,13 CONDOS - ELEVATOR APARTMENTS,Class 2,4,4,41970,1932,2016,967786.3528
5,ASTORIA,21 OFFICE BUILDINGS,Class 1,9,2,44032,1977,2019,1333730.91
2,BUSHWICK,01 ONE FAMILY DWELLINGS,Class 2,8,4,12621,1947,2023,1044374.96
1,ASTORIA,01 ONE FAMILY DWELLINGS,Class 2,3,4,14719,1964,2020,1556564.271
2,RIVERDALE,02 TWO FAMILY DWELLINGS,Class 1,2,3,2117,2016,2017,571180.9697
3,BUSHWICK,21 OFFICE BUILDINGS,Class 3,9,1,43516,2012,2017,1202509.633
2,UPPER EAST SIDE,02 TWO FAMILY DWELLINGS,Class 1,0,3,24776,1925,2016,792956.4625
2,UPPER EAST SIDE,02 TWO FAMILY DWELLINGS,Class 2,9,0,34851,1907,2011,1158574.973
2,RIVERDALE,01 ONE FAMILY DWELLINGS,Class 2,5,4,7204,1949,2014,793258.8274
1,ASTORIA,13 CONDOS - ELEVATOR APARTMENTS,Class 2,6,1,41256,1979,2013,1903904.908
2,HARLEM,13 CONDOS - ELEVATOR APARTMENTS,Class 1,9,4,18459,1937,2014,953427.9873
1,RIVERDALE,02 TWO FAMILY DWELLINGS,Class 2,7,4,29022,1909,2019,1903551.614
4,BUSHWICK,01 ONE FAMILY DWELLINGS,Class 2,0,3,10453,1941,2018,848003.1765
3,BUSHWICK,21 OFFICE BUILDINGS,Class 2,3,1,27067,1936,2024,1106040.491
1,ST. GEORGE,13 CONDOS - ELEVATOR APARTMENTS,Class 3,4,1,23060,1925,2013,1576429.554
4,UPPER EAST SIDE,02 TWO FAMILY DWELLINGS,Class 2,1,4,3113,1991,2024,1099308.861
1,BUSHWICK,13 CONDOS - ELEVATOR APARTMENTS,Class 1,0,1,37160,1911,2024,1515179.077
1,RIVERDALE,13 CONDOS - ELEVATOR APARTMENTS,Class 1,7,1,45604,1983,2021,1513544.56
3,BUSHWICK,21 OFFICE BUILDINGS,Class 1,5,3,40001,1948,2017,1627768.013
5,RIVERDALE,01 ONE FAMILY DWELLINGS,Class 1,4,2,37699,1913,2017,892079.9443
5,HARLEM,21 OFFICE BUILDINGS,Class 1,8,0,24996,1945,2011,1025489.271
1,ST. GEORGE,01 ONE FAMILY DWELLINGS,Class 1,1,2,18265,1934,2023,1400402.698
2,UPPER EAST SIDE,13 CONDOS - ELEVATOR APARTMENTS,Class 1,9,1,26221,1928,2015,1141695.737
4,BUSHWICK,02 TWO FAMILY DWELLINGS,Class 1,7,4,4015,1911,2014,1233780.154
2,RIVERDALE,21 OFFICE BUILDINGS,Class 1,9,0,4954,2015,2011,906184.0674
2,ASTORIA,01 ONE FAMILY DWELLINGS,Class 1,8,0,41037,1981,2021,1105882.149
1,UPPER EAST SIDE,13 CONDOS - ELEVATOR APARTMENTS,Class 1,0,4,23373,1943,2019,1358817.279
1,HARLEM,01 ONE FAMILY DWELLINGS,Class 2,6,0,8884,1965,2013,1510552.244
1,RIVERDALE,01 ONE FAMILY DWELLINGS,Class 2,7,4,14227,1901,2016,1566962.148
1,ST. GEORGE,01 ONE FAMILY DWELLINGS,Class 1,2,0,4034,1958,2022,1354279.864
5,ST. GEORGE,13 CONDOS - ELEVATOR APARTMENTS,Class 2,3,2,34023,1916,2010,958220.0176
1,HARLEM,02 TWO FAMILY DWELLINGS,Class 1,2,0,32389,1909,2024,1519966.471
5,HARLEM,02 TWO FAMILY DWELLINGS,Class 1,6,3,25965,1917,2018,1116839.315
5,ST. GEORGE,02 TWO FAMILY DWELLINGS,Class 1,8,4,31093,1921,2019,1237990.163
1,BUSHWICK,01 ONE FAMILY DWELLINGS,Class 2,2,0,21830,1982,2021,1399164.057
3,BUSHWICK,13 CONDOS - ELEVATOR APARTMENTS,Class 2,5,4,8802,1957,2010,1002933.665
4,RIVERDALE,01 ONE FAMILY DWELLINGS,Class 1,7,3,13407,1952,2024,1025388.998
2,ASTORIA,02 TWO FAMILY DWELLINGS,Class 1,5,0,24930,1900,2021,858273.1643
5,RIVERDALE,02 TWO FAMILY DWELLINGS,Class 4,1,0,42252,1987,2014,973249.9208
4,ASTORIA,13 CONDOS - ELEVATOR APARTMENTS,Class 1,6,3,47653,1960,2016,1506788.615
3,HARLEM,01 ONE FAMILY DWELLINGS,Class 1,1,3,7681,1999,2017,1076109.688
2,UPPER EAST SIDE,21 OFFICE BUILDINGS,Class 4,1,3,46713,1988,2011,966079.7704
2,RIVERDALE,21 OFFICE BUILDINGS,Class 3,1,4,13375,1999,2013,929439.0526
5,RIVERDALE,02 TWO FAMILY DWELLINGS,Class 2,0,3,27719,1930,2011,933868.4347
1,ASTORIA,13 CONDOS - ELEVATOR APARTMENTS,Class 2,0,4,36682,1930,2013,1782384.655
3,HARLEM,01 ONE FAMILY DWELLINGS,Class 1,6,2,15505,1965,2024,1421487.129
5,HARLEM,01 ONE FAMILY DWELLINGS,Class 1,4,0,42769,1918,2015,1105065.682
3,ASTORIA,02 TWO FAMILY DWELLINGS,Class 2,2,0,14745,1952,2015,941072.5107
1,HARLEM,02 TWO FAMILY DWELLINGS,Class 1,0,1,6957,1975,2021,1194191.014
1,ST. GEORGE,01 ONE FAMILY DWELLINGS,Class 2,9,2,7249,1973,2022,1699415.096
5,BUSHWICK,01 ONE FAMILY DWELLINGS,Class 4,5,3,33564,1994,2011,1042579.087
1,ST. GEORGE,02 TWO FAMILY DWELLINGS,Class 4,0,3,10321,2008,2020,1350762.135
4,UPPER EAST SIDE,01 ONE FAMILY DWELLINGS,Class 1,8,2,33261,1921,2013,1116073.473
2,RIVERDALE,21 OFFICE BUILDINGS,Class 2,1,3,38551,1922,2013,1054551.159
5,UPPER EAST SIDE,02 TWO FAMILY DWELLINGS,Class 2,0,1,13619,2015,2023,778590.0897
3,RIVERDALE,01 ONE FAMILY DWELLINGS,Class 4,6,4,8164,1986,2010,1410360.367
4,BUSHWICK,02 TWO FAMILY DWELLINGS,Class 1,5,0,29781,1914,2024,879090.9311
5,HARLEM,13 CONDOS - ELEVATOR APARTMENTS,Class 1,5,2,40779,1925,2023,1025228.185
1,ST. GEORGE,02 TWO FAMILY DWELLINGS,Class 1,4,0,32321,1902,2011,1475576.066
1,ASTORIA,02 TWO FAMILY DWELLINGS,Class 1,3,4,38733,1986,2023,1717701.023
1,ST. GEORGE,13 CONDOS - ELEVATOR APARTMENTS,Class 1,3,2,25147,1919,2012,1359376.684
1,BUSHWICK,21 OFFICE BUILDINGS,Class 2,2,4,45825,2008,2022,1654604.979
3,UPPER EAST SIDE,01 ONE FAMILY DWELLINGS,Class 2,9,3,4882,1939,2024,1403261.399
4,ASTORIA,13 CONDOS - ELEVATOR APARTMENTS,Class 1,7,3,16949,2020,2020,971738.9716
2,HARLEM,02 TWO FAMILY DWELLINGS,Class 2,6,3,17763,1938,2014,826627.2914
3,BUSHWICK,01 ONE FAMILY DWELLINGS,Class 1,8,4,25143,2019,2020,1336709.722
3,ASTORIA,13 CONDOS - ELEVATOR APARTMENTS,Class 4,0,4,9908,1971,2017,978241.1331
2,BUSHWICK,01 ONE FAMILY DWELLINGS,Class 4,6,4,24106,1917,2024,903315.0012
2,BUSHWICK,01 ONE FAMILY DWELLINGS,Class 4,9,0,28103,1940,2015,1074769.213
1,HARLEM,13 CONDOS - ELEVATOR APARTMENTS,Class 4,3,4,46958,1969,2012,1836260.949
3,RIVERDALE,01 ONE FAMILY DWELLINGS,Class 1,6,3,5569,1926,2015,1126413.975
5,ASTORIA,21 OFFICE BUILDINGS,Class 1,0,1,20123,1999,2016,728572.2736
2,HARLEM,13 CONDOS - ELEVATOR APARTMENTS,Class 2,4,4,44940,1914,2015,1203548.311
2,BUSHWICK,21 OFFICE BUILDINGS,Class 4,2,1,17391,1936,2019,638135.242
4,HARLEM,02 TWO FAMILY DWELLINGS,Class 1,4,3,8204,1957,2015,987704.3154
5,RIVERDALE,01 ONE FAMILY DWELLINGS,Class 1,3,4,28790,1904,2010,1234009.878
5,ST. GEORGE,02 TWO FAMILY DWELLINGS,Class 3,1,0,27960,2002,2012,761424.3084
2,ASTORIA,02 TWO FAMILY DWELLINGS,Class 1,3,0,18009,1972,2016,816287.0604
1,RIVERDALE,01 ONE FAMILY DWELLINGS,Class 2,2,1,17769,1906,2013,1381651.836
4,UPPER EAST SIDE,13 CONDOS - ELEVATOR APARTMENTS,Class 2,0,0,8475,1940,2021,708356.4765
5,ASTORIA,01 ONE FAMILY DWELLINGS,Class 1,9,0,45337,1983,2013,1551990.011
2,RIVERDALE,02 TWO FAMILY DWELLINGS,Class 1,7,0,7065,1909,2016,739863.7364
5,BUSHWICK,02 TWO FAMILY DWELLINGS,Class 2,4,3,22967,1961,2018,768634.7228
4,ASTORIA,13 CONDOS - ELEVATOR APARTMENTS,Class 2,3,0,5370,1925,2023,808422.4301
4,ASTORIA,01 ONE FAMILY DWELLINGS,Class 4,9,2,19409,1967,2020,1121295.308
3,HARLEM,02 TWO FAMILY DWELLINGS,Class 1,4,4,9617,2001,2022,1198063.427
2,BUSHWICK,21 OFFICE BUILDINGS,Class 1,3,0,2438,1923,2022,751053.9261
4,UPPER EAST SIDE,02 TWO FAMILY DWELLINGS,Class 2,2,0,28890,1977,2024,922846.7043
3,ST. GEORGE,02 TWO FAMILY DWELLINGS,Class 2,4,0,44822,1940,2011,1353348.641
3,RIVERDALE,13 CONDOS - ELEVATOR APARTMENTS,Class 1,3,2,36500,1964,2018,1387775.732
5,HARLEM,21 OFFICE BUILDINGS,Class 2,0,0,20628,1916,2012,672072.9575
5,RIVERDALE,02 TWO FAMILY DWELLINGS,Class 1,2,0,32281,2008,2015,804804.2452
3,UPPER EAST SIDE,02 TWO FAMILY DWELLINGS,Class 1,9,4,3965,1923,2013,1233015.2
5,UPPER EAST SIDE,21 OFFICE BUILDINGS,Class 1,9,2,940,1926,2010,906538.9728
4,ASTORIA,01 ONE FAMILY DWELLINGS,Class 1,7,2,5913,1906,2018,957996.4754
1,UPPER EAST SIDE,01 ONE FAMILY DWELLINGS,Class 2,6,0,12163,1972,2020,1351325.841
4,RIVERDALE,02 TWO FAMILY DWELLINGS,Class 2,1,2,39023,2006,2024,1328458.352
3,BUSHWICK,02 TWO FAMILY DWELLINGS,Class 2,0,1,38280,1998,2015,1244219.499
3,BUSHWICK,01 ONE FAMILY DWELLINGS,Class 4,2,2,20047,2021,2017,1214618.273
4,ASTORIA,13 CONDOS - ELEVATOR APARTMENTS,Class 1,4,2,16626,1911,2024,1085707.091
5,ST. GEORGE,21 OFFICE BUILDINGS,Class 1,9,2,40020,1984,2024,1069437.68
5,RIVERDALE,21 OFFICE BUILDINGS,Class 1,0,3,505,1902,2011,748482.8814
3,RIVERDALE,13 CONDOS - ELEVATOR APARTMENTS,Class 1,2,3,38044,1978,2016,1345485.282
2,UPPER EAST SIDE,13 CONDOS - ELEVATOR APARTMENTS,Class 2,2,3,7538,1984,2015,805399.3333
5,RIVERDALE,13 CONDOS - ELEVATOR APARTMENTS,Class 2,4,2,6914,1909,2011,990033.0039
4,HARLEM,13 CONDOS - ELEVATOR APARTMENTS,Class 2,2,1,22623,1932,2011,930181.2343
5,ST. GEORGE,13 CONDOS - ELEVATOR APARTMENTS,Class 1,8,2,4470,1945,2013,958803.8737
4,UPPER EAST SIDE,13 CONDOS - ELEVATOR APARTMENTS,Class 1,0,0,11550,1958,2013,789116.4953
3,HARLEM,21 OFFICE BUILDINGS,Class 2,3,1,3106,1951,2012,1019770.252
5,ASTORIA,13 CONDOS - ELEVATOR APARTMENTS,Class 1,9,3,16982,1905,2017,1023976.939
4,BUSHWICK,01 ONE FAMILY DWELLINGS,Class 2,9,4,33793,1901,2023,1537643.931
3,ASTORIA,13 CONDOS - ELEVATOR APARTMENTS,Class 4,3,1,6837,1928,2016,970616.1657
2,BUSHWICK,13 CONDOS - ELEVATOR APARTMENTS,Class 1,0,3,34448,2018,2011,738907.8682
4,ASTORIA,21 OFFICE BUILDINGS,Class 2,1,1,24951,1939,2012,860652.5587
2,RIVERDALE,21 OFFICE BUILDINGS,Class 2,0,1,26765,1996,2019,591957.7849
2,HARLEM,13 CONDOS - ELEVATOR APARTMENTS,Class 1,5,2,26214,1960,2018,817231.3738
1,BUSHWICK,21 OFFICE BUILDINGS,Class 2,2,0,21375,1967,2022,1283849.275
5,UPPER EAST SIDE,02 TWO FAMILY DWELLINGS,Class 1,6,4,13557,1967,2014,1017804.388
4,HARLEM,21 OFFICE BUILDINGS,Class 1,4,3,32900,1928,2011,1155481.616
2,UPPER EAST SIDE,21 OFFICE BUILDINGS,Class 2,8,1,6422,2000,2012,894147.9959
1,HARLEM,21 OFFICE BUILDINGS,Class 4,6,4,3571,1961,2017,1406861.335
3,HARLEM,21 OFFICE BUILDINGS,Class 1,3,1,22525,1959,2013,1148301.025
4,ASTORIA,01 ONE FAMILY DWELLINGS,Class 1,4,0,28003,1983,2023,1009611.599
2,BUSHWICK,01 ONE FAMILY DWELLINGS,Class 4,4,4,24265,1940,2011,926000.6989
5,BUSHWICK,01 ONE FAMILY DWELLINGS,Class 3,4,3,36060,1986,2011,815353.7823
1,HARLEM,13 CONDOS - ELEVATOR APARTMENTS,Class 2,9,1,47112,2008,2015,1795003.024
2,RIVERDALE,13 CONDOS - ELEVATOR APARTMENTS,Class 1,8,0,33282,1981,2017,1036116.383
5,RIVERDALE,02 TWO FAMILY DWELLINGS,Class 4,9,4,19299,2012,2016,994789.1538
2,UPPER EAST SIDE,01 ONE FAMILY DWELLINGS,Class 1,2,1,35953,1988,2013,753179.1828
4,UPPER EAST SIDE,13 CONDOS - ELEVATOR APARTMENTS,Class 2,5,1,27976,1964,2011,1068516.793
4,ASTORIA,21 OFFICE BUILDINGS,Class 1,7,3,16712,2017,2018,1352256.77
4,HARLEM,21 OFFICE BUILDINGS,Class 2,8,0,9928,1963,2013,999323.9826
1,UPPER EAST SIDE,01 ONE FAMILY DWELLINGS,Class 1,6,2,31919,1978,2018,1752197.517
4,UPPER EAST SIDE,02 TWO FAMILY DWELLINGS,Class 2,2,1,8659,1962,2014,855601.6548
5,ST. GEORGE,02 TWO FAMILY DWELLINGS,Class 1,0,4,24810,1997,2023,906916.4154
2,HARLEM,21 OFFICE BUILDINGS,Class 1,3,3,37368,1947,2021,981950.992
3,ASTORIA,02 TWO FAMILY DWELLINGS,Class 2,5,3,39642,1919,2024,1459114.008
5,UPPER EAST SIDE,01 ONE FAMILY DWELLINGS,Class 4,2,1,6504,2017,2021,773438.8639
5,ASTORIA,21 OFFICE BUILDINGS,Class 4,0,1,38789,1936,2020,794019.9202
4,BUSHWICK,13 CONDOS - ELEVATOR APARTMENTS,Class 1,5,1,11912,1963,2020,1098787.281
1,ASTORIA,13 CONDOS - ELEVATOR APARTMENTS,Class 2,0,2,12255,1990,2023,1485810.733
2,RIVERDALE,02 TWO FAMILY DWELLINGS,Class 2,8,1,19517,1985,2016,861969.7592
1,RIVERDALE,21 OFFICE BUILDINGS,Class 1,0,0,4390,2014,2021,1154256.231
2,ASTORIA,21 OFFICE BUILDINGS,Class 1,5,4,29340,1904,2014,982609.6006
2,RIVERDALE,13 CONDOS - ELEVATOR APARTMENTS,Class 2,0,1,17675,1933,2024,651438.3208
1,BUSHWICK,21 OFFICE BUILDINGS,Class 4,6,2,9691,1938,2011,1553461.571
5,HARLEM,21 OFFICE BUILDINGS,Class 2,2,4,651,1966,2015,969413.09
2,RIVERDALE,21 OFFICE BUILDINGS,Class 2,5,3,19947,1980,2016,725024.8024
1,RIVERDALE,02 TWO FAMILY DWELLINGS,Class 2,6,1,23251,1961,2023,1707499.917
2,ASTORIA,21 OFFICE BUILDINGS,Class 1,0,4,29675,1987,2024,799630.4056
3,BUSHWICK,01 ONE FAMILY DWELLINGS,Class 2,0,3,24788,1923,2020,1133758.941
5,HARLEM,02 TWO FAMILY DWELLINGS,Class 2,4,2,47129,1902,2022,1097345.58
4,ASTORIA,21 OFFICE BUILDINGS,Class 1,5,0,48300,2008,2015,1303494.851
2,ASTORIA,21 OFFICE BUILDINGS,Class 4,8,1,37867,1970,2022,1217610.154
3,ST. GEORGE,01 ONE FAMILY DWELLINGS,Class 1,0,0,12774,1988,2023,870707.2613
4,BUSHWICK,02 TWO FAMILY DWELLINGS,Class 4,3,2,12718,2019,2012,1131884.301
4,HARLEM,13 CONDOS - ELEVATOR APARTMENTS,Class 1,9,4,24292,1966,2019,1075382.46
2,BUSHWICK,13 CONDOS - ELEVATOR APARTMENTS,Class 1,7,4,3477,1978,2017,727297.977
1,HARLEM,02 TWO FAMILY DWELLINGS,Class 1,9,2,17726,1992,2012,1860289.887
2,BUSHWICK,21 OFFICE BUILDINGS,Class 2,8,2,29522,1949,2023,1113943.861
3,ASTORIA,21 OFFICE BUILDINGS,Class 1,2,1,4293,1928,2014,885773.4148
4,ASTORIA,13 CONDOS - ELEVATOR APARTMENTS,Class 2,1,3,2159,1973,2018,823466.3387
2,UPPER EAST SIDE,13 CONDOS - ELEVATOR APARTMENTS,Class 2,3,0,38430,1931,2020,719487.3898
1,RIVERDALE,13 CONDOS - ELEVATOR APARTMENTS,Class 2,1,0,43973,1986,2014,1481272.756
2,ST. GEORGE,01 ONE FAMILY DWELLINGS,Class 1,0,4,16540,1938,2024,676485.886
5,BUSHWICK,13 CONDOS - ELEVATOR APARTMENTS,Class 2,2,4,4770,1908,2016,847293.7125
1,ST. GEORGE,01 ONE FAMILY DWELLINGS,Class 1,6,1,13786,2000,2020,1450483.609
3,UPPER EAST SIDE,02 TWO FAMILY DWELLINGS,Class 2,0,2,4103,2015,2023,902065.8142
4,RIVERDALE,21 OFFICE BUILDINGS,Class 1,1,0,47040,2003,2016,1063355.744
2,BUSHWICK,13 CONDOS - ELEVATOR APARTMENTS,Class 4,0,1,18100,1913,2014,569116.6448
1,HARLEM,21 OFFICE BUILDINGS,Class 2,7,4,2791,1967,2011,1543910.01
5,RIVERDALE,21 OFFICE BUILDINGS,Class 2,4,4,13623,1963,2014,893599.6038
1,ASTORIA,13 CONDOS - ELEVATOR APARTMENTS,Class 2,7,0,4311,1919,2016,1231296.727
5,UPPER EAST SIDE,13 CONDOS - ELEVATOR APARTMENTS,Class 1,2,4,13847,1927,2016,710491.3853
3,RIVERDALE,02 TWO FAMILY DWELLINGS,Class 1,6,4,31776,1913,2013,1235680.34
